--
-- PostgreSQL database dump
--

-- Dumped from database version 14.5
-- Dumped by pg_dump version 14.5

SET statement_timeout = 0;
SET lock_timeout = 0;
SET idle_in_transaction_session_timeout = 0;
SET client_encoding = 'UTF8';
SET standard_conforming_strings = on;
SELECT pg_catalog.set_config('search_path', '', false);
SET check_function_bodies = false;
SET xmloption = content;
SET client_min_messages = warning;
SET row_security = off;

ALTER TABLE IF EXISTS ONLY public.party_votes DROP CONSTRAINT IF EXISTS party_votes_party_id_fkey;
ALTER TABLE IF EXISTS ONLY public.party_votes DROP CONSTRAINT IF EXISTS party_votes_municipality_code_fkey;
ALTER TABLE IF EXISTS ONLY public.municipality DROP CONSTRAINT IF EXISTS municipality_district_fkey;
ALTER TABLE IF EXISTS ONLY public.independent DROP CONSTRAINT IF EXISTS independent_municipality_code_fkey;
ALTER TABLE IF EXISTS ONLY public.coalition DROP CONSTRAINT IF EXISTS coalition_municipality_code_fkey;
ALTER TABLE IF EXISTS ONLY public.coalition_member DROP CONSTRAINT IF EXISTS coalition_member_party_id_fkey;
ALTER TABLE IF EXISTS ONLY public.coalition_member DROP CONSTRAINT IF EXISTS coalition_member_municipality_code_coalition_shortname_fkey;
DROP INDEX IF EXISTS public.idx_500005_sqlite_autoindex_coalition_member_2;
DROP INDEX IF EXISTS public.idx_499983_sqlite_autoindex_party_1;
DROP INDEX IF EXISTS public.idx_499978_sqlite_autoindex_district_2;
ALTER TABLE IF EXISTS ONLY public.party_votes DROP CONSTRAINT IF EXISTS idx_500010_sqlite_autoindex_party_votes_1;
ALTER TABLE IF EXISTS ONLY public.coalition_member DROP CONSTRAINT IF EXISTS idx_500005_sqlite_autoindex_coalition_member_1;
ALTER TABLE IF EXISTS ONLY public.coalition DROP CONSTRAINT IF EXISTS idx_499999_sqlite_autoindex_coalition_1;
ALTER TABLE IF EXISTS ONLY public.independent DROP CONSTRAINT IF EXISTS idx_499993_sqlite_autoindex_independent_1;
ALTER TABLE IF EXISTS ONLY public.municipality DROP CONSTRAINT IF EXISTS idx_499988_sqlite_autoindex_municipality_1;
ALTER TABLE IF EXISTS ONLY public.party DROP CONSTRAINT IF EXISTS idx_499983_party_pkey;
ALTER TABLE IF EXISTS ONLY public.district DROP CONSTRAINT IF EXISTS idx_499978_sqlite_autoindex_district_1;
DROP TABLE IF EXISTS public.party_votes;
DROP TABLE IF EXISTS public.party;
DROP TABLE IF EXISTS public.municipality;
DROP TABLE IF EXISTS public.independent;
DROP TABLE IF EXISTS public.district;
DROP TABLE IF EXISTS public.coalition_member;
DROP TABLE IF EXISTS public.coalition;
SET default_tablespace = '';

SET default_table_access_method = heap;

--
-- Name: coalition; Type: TABLE; Schema: public; Owner: -
--

CREATE TABLE public.coalition (
    municipality_code text NOT NULL,
    shortname text NOT NULL,
    name text,
    votes bigint DEFAULT '0'::bigint
);


--
-- Name: coalition_member; Type: TABLE; Schema: public; Owner: -
--

CREATE TABLE public.coalition_member (
    municipality_code text NOT NULL,
    coalition_shortname text NOT NULL,
    order_number bigint NOT NULL,
    party_id bigint
);


--
-- Name: district; Type: TABLE; Schema: public; Owner: -
--

CREATE TABLE public.district (
    id smallint NOT NULL,
    name text,
    type text
);


--
-- Name: independent; Type: TABLE; Schema: public; Owner: -
--

CREATE TABLE public.independent (
    municipality_code text NOT NULL,
    shortname text NOT NULL,
    name text,
    votes bigint DEFAULT '0'::bigint
);


--
-- Name: municipality; Type: TABLE; Schema: public; Owner: -
--

CREATE TABLE public.municipality (
    code text NOT NULL,
    name text,
    district bigint,
    mandates bigint,
    registered_voters bigint,
    valid_votes bigint,
    blank_votes bigint,
    null_votes bigint
);


--
-- Name: party; Type: TABLE; Schema: public; Owner: -
--

CREATE TABLE public.party (
    id bigint NOT NULL,
    shortname text,
    name text
);


--
-- Name: party_votes; Type: TABLE; Schema: public; Owner: -
--

CREATE TABLE public.party_votes (
    municipality_code text NOT NULL,
    party_id bigint NOT NULL,
    votes bigint DEFAULT '0'::bigint
);


--
-- Data for Name: coalition; Type: TABLE DATA; Schema: public; Owner: -
--

COPY public.coalition (municipality_code, shortname, name, votes) FROM stdin;
010100	PPD/PSD.MPT	JUNTOS POR ÁGUEDA	9991
010400	PPD/PSD.CDS-PP.PPM.IL	AGORA OS AROUQUENSES	5485
010500	PPD/PSD.CDS-PP.PPM	ALIANÇA COM AVEIRO	17550
010500	PS.PAN	VIVA AVEIRO	8901
010800	PPD/PSD.CDS-PP	SEMPRE MAIS!	6014
011100	PPD/PSD.CDS-PP.IL.MPT.PPM	JUNTOS PELO CONCELHO DA MEALHADA	1835
011300	PPD/PSD.CDS-PP	PELAS PESSOAS	10813
011500	NC.PPM	Movimento 2030	2054
011600	PPD/PSD.CDS-PP.IL	A MELHOR CIDADE DO PAÍS	3121
020100	PPD/PSD.CDS-PP.PPM.A	POR ALJUSTREL, COM AMOR	147
020300	PPD/PSD.CDS-PP.A	UMA EQUIPA, UM NOVO RUMO	156
020400	PPD/PSD.CDS-PP	TEMPOS DE MUDANÇA	155
020500	PPD/PSD.CDS-PP.PPM.IL.A	CONSIGO BEJA CONSEGUE	3000
020700	PPD/PSD.CDS-PP.PPM	CONSIGO, CUBA CONSEGUE	58
020800	PPD/PSD.CDS-PP	JUNTOS POR FERREIRA DO ALENTEJO	129
020900	NC.RIR	UNIDOS POR MÉRTOLA E PELAS PESSOAS	380
021000	PPD/PSD.CDS-PP.A	CONSIGO, MOURA CONSEGUE	262
021100	PPD/PSD.CDS-PP	JUNTOS PARA CUMPRIR ODEMIRA	756
021300	PPD/PSD.CDS-PP	CONSIGO SERPA CONSEGUE	320
030100	PPD/PSD.CDS-PP	JUNTOS POR AMARES	5793
030200	PPD/PSD.CDS-PP	BARCELOS MAIS FUTURO	33754
030300	PPD/PSD.CDS-PP.PPM.A	JUNTOS POR BRAGA	40625
030400	PPD/PSD.CDS-PP	FAZER DIFERENTE	3060
030800	PPD/PSD.CDS-PP	JUNTOS POR GUIMARÃES	31073
031200	PPD/PSD.CDS-PP	MAIS AÇÃO, MAIS FAMALICÃO	40127
031400	PPD/PSD.CDS-PP	VIZELA É PARA TODOS	2453
040100	PPD/PSD.CDS-PP	ACREDITAR EM ALFÂNDEGA DA FÉ	1682
040500	PPD/PSD.CDS-PP	UM NOVO RUMO, UM NOVO CAMINHO	4199
040600	PPD/PSD.CDS-PP	TEMPO DE ACREDITAR	2892
040900	NC.A	MOVIMENTO DE MONCORVENSES	98
040900	PPD/PSD.CDS-PP	POR MONCORVO CONTINUAMOS	2884
041000	PPD/PSD.CDS-PP	ACREDITAR	2491
041200	PPD/PSD.CDS-PP	VOLTAR A ACREDITAR	3011
050200	PPD/PSD.CDS-PP.PPM	PSD/CDS/PPM	3132
050300	CDS-PP.PPD/PSD.IL	COVILHÃ - JUNTOS FAZEMOS MELHOR	7828
050300	MPT.PPM.A	COVILHÃ TEM FORÇA	1646
050800	PPD/PSD.CDS-PP	PROENÇA COM FUTURO	1187
051100	PPD/PSD.CDS-PP	NOVO RUMO	341
060300	PDR.MPT	COIMBRA É CAPITAL	144
060300	PPD/PSD.CDS-PP.NC.PPM.A.RIR.VP	JUNTOS SOMOS COIMBRA	29351
060900	PPD/PSD.PPM	JUNTOS POR MIRANDA	2677
061000	PPD/PSD.CDS-PP	UNIR PELA MUDANÇA	4370
061100	PPD/PSD.CDS-PP	UNIDOS PARA CONSTRUIR O FUTURO	4024
061600	PPD/PSD.CDS-PP	CORAGEM PARA MUDAR	2925
070200	PPD/PSD.CDS-PP	ARRAIOLOS NO PONTO CERTO	348
070400	MPT.A.RIR	NOVA ESPERANÇA PARA ESTREMOZ	138
070400	PPD/PSD.CDS-PP.PPM	ESTREMOZ COM FUTURO	617
070600	CDS-PP.PPD/PSD	JUNTOS PARA FAZER DIFERENTE	1544
070700	CDS-PP.PPD/PSD.PPM	Por Mora	104
070800	PPD/PSD.CDS-PP	NOVOS TEMPOS, NOVAS SOLUÇÕES	743
071000	PPD/PSD.CDS-PP	UMA NOVA ATITUDE	1527
071400	PPD/PSD.CDS-PP.MPT.PPM	MOVIMENTO POR VILA VIÇOSA	2216
080100	PPD/PSD.CDS-PP.MPT.PPM	COLIGAÇÃO SER ALBUFEIRA	4951
080700	NC.A	LAGOS COM FUTURO	783
080800	PPD/PSD.CDS-PP.MPT.PPM	MAIS E MELHOR PELA NOSSA TERRA	5540
081000	PPD/PSD.MPT.PPM.A	OLHÃO PARA TODOS	3340
081100	CDS-PP.NC.A	PORTIMÃO MAIS FELIZ	2813
081100	PPD/PSD.MPT.PPM	UM NOVO PORTIMÃO	3788
081300	CDS-PP.PPM.A	JUNTOS POR SILVES	273
081500	PPD/PSD.CDS-PP.MPT.PPM	A NOSSA TERRA EM BOAS MÃOS	630
090500	PPD/PSD.CDS-PP	TODOS POR FORNOS, FORNOS PARA TODOS	1104
090900	PPD/PSD.CDS-PP	JUNTOS PELA MÊDA	1717
091300	PPD/PSD.CDS-PP	SIM, É POSSÍVEL	1898
100600	CDS-PP.MPT.PPM.NC	CALDAS MAIS RAINHA	610
100700	PPD/PSD.CDS-PP	POR CASTANHEIRA, RENOVAÇÃO, UNIÃO E FUTURO	698
100900	CDS-PP.MPT	LEIRIA PODE MAIS	2560
101200	MPT.PDR	O NOSSO PARTIDO É ÓBIDOS	75
110100	CDS-PP.NC.MPT.A.PPM	FAZER CUMPRIR ALENQUER	1162
110200	PPD/PSD.CDS-PP	ARRUDA, AGORA!	1502
110300	PPD/PSD.CDS-PP.MPT.PPM	SEMPRE AO SEU LADO	2376
110500	NC.PPM	SALVAR CASCAIS	1471
110500	PPD/PSD.CDS-PP	COLIGAÇÃO VIVA CASCAIS	41963
110500	PS.PAN.L	Todos por Cascais	17265
110600	PPD/PSD.CDS-PP.A.MPT.PPM	NOVOS TEMPOS LISBOA	83185
110600	PS.L	MAIS LISBOA	80907
110800	PPD/PSD.CDS-PP	LOURINHÃ SOMOS NÓS	4427
111000	A.PDR	VIVER AINDA MELHOR OEIRAS	457
111000	BE.L.VP	Coligação Evoluir Oeiras	5498
111000	PPD/PSD.MPT	A DAR TUDO POR OEIRAS	5971
111100	PPD/PSD.CDS-PP.A.MPT.PDR.PPM.RIR	COLIGAÇÃO VAMOS CURAR SINTRA	35698
111200	PPD/PSD.CDS-PP	JUNTOS PELA NOSSA TERRA	1189
111300	PPD/PSD.CDS-PP.PPM	AFIRMAR TORRES VEDRAS	6973
111600	PPD/PSD.CDS-PP.A.MPT.PDR.PPM.RIR	ODIVELAS: A MUDANÇA É AGORA!	11094
120100	PPD/PSD.CDS-PP	FAZEMOS MELHOR	856
120700	PPD/PSD.CDS-PP	ELVAS SOMOS NÓS	1431
121000	PPD/PSD.CDS-PP	MARVÃO À FRENTE	989
121400	PPD/PSD.CDS-PP	POR PORTALEGRE	4993
130200	PPD/PSD.CDS-PP	COM DETERMINAÇÃO POR BAIÃO	3692
130300	L.PS	SIM ACREDITA	22083
130300	PPD/PSD.PPM	«JUNTOS POR FELGUEIRAS»	7062
130500	PPD/PSD.CDS-PP	ACREDITAR LOUSADA	9573
130600	PPD/PSD.CDS-PP	MAIA EM PRIMEIRO	24732
130800	PPD/PSD.CDS-PP	MATOSINHOS O FUTURO É AGORA	12013
131000	NC.A	Juntos por Paredes	1325
131000	PPD/PSD.CDS-PP	PRIMEIRO AS PESSOAS	12663
131100	PPD/PSD.CDS-PP	PENAFIEL QUER	26422
131100	PS.RIR	PENAFIEL UNIDO	13506
131400	NC.PPM	PRÁ FRENTE SANTO TIRSO	562
131400	PPD/PSD.CDS-PP	VALORIZAR MAIS	6613
131500	PPD/PSD.CDS-PP	UNIDOS POR TODOS	9731
131700	MPT.PDR	Movimento Por Gaia	606
131700	PPD/PSD.CDS-PP.PPM	ALIANÇA DEMOCRÁTICA	22409
131800	PPD/PSD.CDS-PP	UNIDOS PELA TROFA	11897
140200	PPD/PSD.CDS-PP.MPT	CIDADÃOS POR ALCANENA - CONCELHO COM FUTURO	3150
140300	PPD/PSD.CDS-PP	PREPARAR O FUTURO	741
140400	PPD/PSD.MPT	TPA – TODOS POR ALPIARÇA	348
141400	PPD/PSD.CDS-PP	JUNTOS PELO FUTURO	5674
141500	PPD/PSD.CDS-PP	CORAGEM E ESPERANÇA	773
141800	CDS-PP.MPT.PPM	TOMAR QUEREMOS RESPONDER	572
141900	PPD/PSD.CDS-PP	AFIRMAR TORRES NOVAS	2938
142100	PPD/PSD.CDS-PP	OURÉM SEMPRE	13854
150100	PPD/PSD.CDS-PP.MPT.PPM.A	TODOS JUNTOS PARA QUE ALCÁCER GANHE	175
150300	PPD/PSD.CDS-PP.A.MPT.PPM	AD - ALMADA DESENVOLVIDA	7574
150500	PPD/PSD.CDS-PP	+ POR GRÂNDOLA	466
150600	PPD/PSD.CDS-PP.MPT.PPM.A.PDR	MERECEMOS MAIS	1626
150700	PPD/PSD.CDS-PP.A	O MONTIJO CONTA COMIGO	5547
150800	CDS-PP.MPT	MUDAR POR MIM, MUDAR POR TODOS	636
150900	PPD/PSD.CDS-PP	SANTIAGO DO CACÉM MAIS	1928
151000	CDS-PP.PDR.A.MPT	SEIXAL ÀS DIREITAS	909
151100	CDS-PP.A.PDR	SESIMBRA PRIMEIRO	543
151200	NC.PPM	AMAR SETÚBAL	325
151200	RIR.PDR	Todos somos Setúbal	235
151300	PPD/PSD.CDS-PP	ENTRA NA ONDA	202
160200	PPD/PSD.CDS-PP.A.PPM	O CONCELHO EM PRIMEIRO	4119
160500	PPD/PSD.CDS-PP	SE ACREDITARMOS PODE ACONTECER	1055
160900	PPD/PSD.CDS-PP	É AGORA VIANA!	11448
170100	PPD/PSD.CDS-PP	AFIRMAR A NOSSA TERRA	4441
170300	PPD/PSD.CDS-PP	CHAVES PRIMEIRO	8674
170400	PPD/PSD.CDS-PP	UNIDOS POR MESÃO FRIO	366
170600	PPD/PSD.CDS-PP	TODOS POR BARROSO	3167
170900	PPD/PSD.CDS-PP	JUNTOS POR TODOS	2210
171100	PPD/PSD.CDS-PP	ALIANÇA DEMOCRÁTICA PSD/CDS	1611
171400	PPD/PSD.CDS-PP.A	VILA REAL À FRENTE	8578
180100	PPD/PSD.CDS-PP	PRIMEIRO ARMAMAR	2211
180300	PPD/PSD.CDS-PP	PSD CDS PELA NOSSA TERRA	5859
180400	PPD/PSD.CDS-PP.PPM	Coligação Viva Cinfães	3547
180500	PPD/PSD.CDS-PP	SOMOS LAMEGO	6936
180600	PPD/PSD.CDS-PP	JUNTOS POR MANGUALDE	2703
180700	PPD/PSD.CDS-PP	ABRAÇAR A MUDANÇA	2447
180900	PPD/PSD.CDS-PP	MUDAR, ESTÁ NAS MÃOS DE TODOS	4006
181000	PPD/PSD.CDS-PP	TODOS POR OLIVEIRA DE FRADES	2741
181100	PPD/PSD.CDS-PP	MUDAR PENALVA	1894
181400	PPD/PSD.CDS-PP	CORAGEM PARA MUDAR	2488
181500	PPD/PSD.CDS-PP	CONNOSCO TODOS CONTAM!	1612
181900	PPD/PSD.CDS-PP	POR TABUAÇO, TODOS	2318
310200	PDR.MPT.A	"COLIGAÇÃO VOZ CÂMARA DE LOBOS"	92
310300	PPD/PSD.CDS-PP	FUNCHAL SEMPRE À FRENTE	26835
310300	PS.BE.PAN.MPT.PDR	Confiança	22723
310400	PPD/PSD.CDS-PP	JUNTOS SOMOS MACHICO	4087
310500	PPD/PSD.CDS-PP	SEMPRE PELA PONTA DO SOL	2082
310600	PPD/PSD.CDS-PP	MAIS PARA O PORTO MONIZ	876
310800	PDR.MPT.A	COLIGAÇÃO VOZ SANTA CRUZ	144
310800	PPD/PSD.CDS-PP	CUMPRIR SANTA CRUZ	6172
311000	PPD/PSD.CDS-PP	UNIDOS POR SÃO VICENTE	2343
320100	PPD/PSD.CDS-PP	ACREDITA PORTO SANTO	1843
420100	PPD/PSD.CDS-PP.PPM	LAGOA UNIDA	1878
430100	PPD/PSD.CDS-PP.PPM	PELA NOSSA TERRA	7019
430200	PPD/PSD.CDS-PP	POR AMOR À PRAIA	4668
440100	PPD/PSD.CDS-PP.PPM	SOMOS TODOS GRACIOSA	1595
460100	PPD/PSD.CDS-PP.PPM	UNIDOS PELO CONCELHO	1213
470100	PPD/PSD.CDS-PP.PPM	JUNTOS PELO FAIAL	4033
480100	PPD/PSD.CDS-PP.PPM	UNIDOS COM CONFIANÇA	467
480200	PPD/PSD.PPM.CDS-PP	UNIDOS COM CONFIANÇA	453
490100	CDS-PP.PPD/PSD.PPM	UNIDOS PELO CORVO	97
060700	PPD/PSD.CDS-PP	É HORA DE MUDAR	2708
070100	PPD/PSD.CDS-PP	FAZER DIFERENTE UNIR O ALANDROAL	223
070500	NC.RIR		2976
070500	PPD/PSD.CDS-PP.MPT.PPM		4453
071200	PPD/PSD.CDS-PP		2020
071300	PPD/PSD.CDS-PP.MPT.PPM		794
080500	PPD/PSD.CDS-PP.IL.MPT.PPM		12195
111400	PPD/PSD.CDS-PP.MPT.PPM		7687
111500	PPD/PSD.CDS-PP.A.MPT.PDR		15230
111500	PPM.RIR		379
121300	PPD/PSD.CDS-PP		447
130400	PPD/PSD.CDS-PP		15394
130700	PPD/PSD.CDS-PP		10346
140700	PPD/PSD.CDS-PP		894
\.


--
-- Data for Name: coalition_member; Type: TABLE DATA; Schema: public; Owner: -
--

COPY public.coalition_member (municipality_code, coalition_shortname, order_number, party_id) FROM stdin;
010100	PPD/PSD.MPT	1	15
010100	PPD/PSD.MPT	2	10
010400	PPD/PSD.CDS-PP.PPM.IL	1	15
010400	PPD/PSD.CDS-PP.PPM.IL	2	3
010400	PPD/PSD.CDS-PP.PPM.IL	3	16
010400	PPD/PSD.CDS-PP.PPM.IL	4	6
010500	PPD/PSD.CDS-PP.PPM	1	15
010500	PPD/PSD.CDS-PP.PPM	2	3
010500	PPD/PSD.CDS-PP.PPM	3	16
010500	PS.PAN	1	17
010500	PS.PAN	2	12
010800	PPD/PSD.CDS-PP	1	15
010800	PPD/PSD.CDS-PP	2	3
011100	PPD/PSD.CDS-PP.IL.MPT.PPM	1	15
011100	PPD/PSD.CDS-PP.IL.MPT.PPM	2	3
011100	PPD/PSD.CDS-PP.IL.MPT.PPM	3	6
011100	PPD/PSD.CDS-PP.IL.MPT.PPM	4	10
011100	PPD/PSD.CDS-PP.IL.MPT.PPM	5	16
011300	PPD/PSD.CDS-PP	1	15
011300	PPD/PSD.CDS-PP	2	3
011500	NC.PPM	1	11
011500	NC.PPM	2	16
011600	PPD/PSD.CDS-PP.IL	1	15
011600	PPD/PSD.CDS-PP.IL	2	3
011600	PPD/PSD.CDS-PP.IL	3	6
020100	PPD/PSD.CDS-PP.PPM.A	1	15
020100	PPD/PSD.CDS-PP.PPM.A	2	3
020100	PPD/PSD.CDS-PP.PPM.A	3	16
020100	PPD/PSD.CDS-PP.PPM.A	4	1
020300	PPD/PSD.CDS-PP.A	1	15
020300	PPD/PSD.CDS-PP.A	2	3
020300	PPD/PSD.CDS-PP.A	3	1
020400	PPD/PSD.CDS-PP	1	15
020400	PPD/PSD.CDS-PP	2	3
020500	PPD/PSD.CDS-PP.PPM.IL.A	1	15
020500	PPD/PSD.CDS-PP.PPM.IL.A	2	3
020500	PPD/PSD.CDS-PP.PPM.IL.A	3	16
020500	PPD/PSD.CDS-PP.PPM.IL.A	4	6
020500	PPD/PSD.CDS-PP.PPM.IL.A	5	1
020700	PPD/PSD.CDS-PP.PPM	1	15
020700	PPD/PSD.CDS-PP.PPM	2	3
020700	PPD/PSD.CDS-PP.PPM	3	16
020800	PPD/PSD.CDS-PP	1	15
020800	PPD/PSD.CDS-PP	2	3
020900	NC.RIR	1	11
020900	NC.RIR	2	19
021000	PPD/PSD.CDS-PP.A	1	15
021000	PPD/PSD.CDS-PP.A	2	3
021000	PPD/PSD.CDS-PP.A	3	1
021100	PPD/PSD.CDS-PP	1	15
021100	PPD/PSD.CDS-PP	2	3
021300	PPD/PSD.CDS-PP	1	15
021300	PPD/PSD.CDS-PP	2	3
030100	PPD/PSD.CDS-PP	1	15
030100	PPD/PSD.CDS-PP	2	3
030200	PPD/PSD.CDS-PP	1	15
030200	PPD/PSD.CDS-PP	2	3
030300	PPD/PSD.CDS-PP.PPM.A	1	15
030300	PPD/PSD.CDS-PP.PPM.A	2	3
030300	PPD/PSD.CDS-PP.PPM.A	3	16
030300	PPD/PSD.CDS-PP.PPM.A	4	1
030400	PPD/PSD.CDS-PP	1	15
030400	PPD/PSD.CDS-PP	2	3
030800	PPD/PSD.CDS-PP	1	15
030800	PPD/PSD.CDS-PP	2	3
031200	PPD/PSD.CDS-PP	1	15
031200	PPD/PSD.CDS-PP	2	3
031400	PPD/PSD.CDS-PP	1	15
031400	PPD/PSD.CDS-PP	2	3
040100	PPD/PSD.CDS-PP	1	15
040100	PPD/PSD.CDS-PP	2	3
040500	PPD/PSD.CDS-PP	1	15
040500	PPD/PSD.CDS-PP	2	3
040600	PPD/PSD.CDS-PP	1	15
040600	PPD/PSD.CDS-PP	2	3
040900	NC.A	1	11
040900	NC.A	2	1
040900	PPD/PSD.CDS-PP	1	15
040900	PPD/PSD.CDS-PP	2	3
041000	PPD/PSD.CDS-PP	1	15
041000	PPD/PSD.CDS-PP	2	3
041200	PPD/PSD.CDS-PP	1	15
041200	PPD/PSD.CDS-PP	2	3
050200	PPD/PSD.CDS-PP.PPM	1	15
050200	PPD/PSD.CDS-PP.PPM	2	3
050200	PPD/PSD.CDS-PP.PPM	3	16
050300	CDS-PP.PPD/PSD.IL	1	3
050300	CDS-PP.PPD/PSD.IL	2	15
050300	CDS-PP.PPD/PSD.IL	3	6
050300	MPT.PPM.A	1	10
050300	MPT.PPM.A	2	16
050300	MPT.PPM.A	3	1
050800	PPD/PSD.CDS-PP	1	15
050800	PPD/PSD.CDS-PP	2	3
051100	PPD/PSD.CDS-PP	1	15
051100	PPD/PSD.CDS-PP	2	3
060300	PDR.MPT	1	14
060300	PDR.MPT	2	10
060300	PPD/PSD.CDS-PP.NC.PPM.A.RIR.VP	1	15
060300	PPD/PSD.CDS-PP.NC.PPM.A.RIR.VP	2	3
060300	PPD/PSD.CDS-PP.NC.PPM.A.RIR.VP	3	11
060300	PPD/PSD.CDS-PP.NC.PPM.A.RIR.VP	4	16
060300	PPD/PSD.CDS-PP.NC.PPM.A.RIR.VP	5	1
060300	PPD/PSD.CDS-PP.NC.PPM.A.RIR.VP	6	19
060300	PPD/PSD.CDS-PP.NC.PPM.A.RIR.VP	7	20
060900	PPD/PSD.PPM	1	15
060900	PPD/PSD.PPM	2	16
061000	PPD/PSD.CDS-PP	1	15
061000	PPD/PSD.CDS-PP	2	3
061100	PPD/PSD.CDS-PP	1	15
061100	PPD/PSD.CDS-PP	2	3
061600	PPD/PSD.CDS-PP	1	15
061600	PPD/PSD.CDS-PP	2	3
070200	PPD/PSD.CDS-PP	1	15
070200	PPD/PSD.CDS-PP	2	3
070400	MPT.A.RIR	1	10
070400	MPT.A.RIR	2	1
070400	MPT.A.RIR	3	19
070400	PPD/PSD.CDS-PP.PPM	1	15
070400	PPD/PSD.CDS-PP.PPM	2	3
070400	PPD/PSD.CDS-PP.PPM	3	16
070600	CDS-PP.PPD/PSD	1	3
070600	CDS-PP.PPD/PSD	2	15
070700	CDS-PP.PPD/PSD.PPM	1	3
070700	CDS-PP.PPD/PSD.PPM	2	15
070700	CDS-PP.PPD/PSD.PPM	3	16
070800	PPD/PSD.CDS-PP	1	15
070800	PPD/PSD.CDS-PP	2	3
071000	PPD/PSD.CDS-PP	1	15
071000	PPD/PSD.CDS-PP	2	3
071400	PPD/PSD.CDS-PP.MPT.PPM	1	15
071400	PPD/PSD.CDS-PP.MPT.PPM	2	3
071400	PPD/PSD.CDS-PP.MPT.PPM	3	10
071400	PPD/PSD.CDS-PP.MPT.PPM	4	16
080100	PPD/PSD.CDS-PP.MPT.PPM	1	15
080100	PPD/PSD.CDS-PP.MPT.PPM	2	3
080100	PPD/PSD.CDS-PP.MPT.PPM	3	10
080100	PPD/PSD.CDS-PP.MPT.PPM	4	16
080700	NC.A	1	11
080700	NC.A	2	1
080800	PPD/PSD.CDS-PP.MPT.PPM	1	15
080800	PPD/PSD.CDS-PP.MPT.PPM	2	3
080800	PPD/PSD.CDS-PP.MPT.PPM	3	10
080800	PPD/PSD.CDS-PP.MPT.PPM	4	16
081000	PPD/PSD.MPT.PPM.A	1	15
081000	PPD/PSD.MPT.PPM.A	2	10
081000	PPD/PSD.MPT.PPM.A	3	16
081000	PPD/PSD.MPT.PPM.A	4	1
081100	CDS-PP.NC.A	1	3
081100	CDS-PP.NC.A	2	11
081100	CDS-PP.NC.A	3	1
081100	PPD/PSD.MPT.PPM	1	15
081100	PPD/PSD.MPT.PPM	2	10
081100	PPD/PSD.MPT.PPM	3	16
081300	CDS-PP.PPM.A	1	3
081300	CDS-PP.PPM.A	2	16
081300	CDS-PP.PPM.A	3	1
081500	PPD/PSD.CDS-PP.MPT.PPM	1	15
081500	PPD/PSD.CDS-PP.MPT.PPM	2	3
081500	PPD/PSD.CDS-PP.MPT.PPM	3	10
081500	PPD/PSD.CDS-PP.MPT.PPM	4	16
090500	PPD/PSD.CDS-PP	1	15
090500	PPD/PSD.CDS-PP	2	3
090900	PPD/PSD.CDS-PP	1	15
090900	PPD/PSD.CDS-PP	2	3
091300	PPD/PSD.CDS-PP	1	15
091300	PPD/PSD.CDS-PP	2	3
100600	CDS-PP.MPT.PPM.NC	1	3
100600	CDS-PP.MPT.PPM.NC	2	10
100600	CDS-PP.MPT.PPM.NC	3	16
100600	CDS-PP.MPT.PPM.NC	4	11
100700	PPD/PSD.CDS-PP	1	15
100700	PPD/PSD.CDS-PP	2	3
100900	CDS-PP.MPT	1	3
100900	CDS-PP.MPT	2	10
101200	MPT.PDR	1	10
101200	MPT.PDR	2	14
110100	CDS-PP.NC.MPT.A.PPM	1	3
110100	CDS-PP.NC.MPT.A.PPM	2	11
110100	CDS-PP.NC.MPT.A.PPM	3	10
110100	CDS-PP.NC.MPT.A.PPM	4	1
110100	CDS-PP.NC.MPT.A.PPM	5	16
110200	PPD/PSD.CDS-PP	1	15
110200	PPD/PSD.CDS-PP	2	3
110300	PPD/PSD.CDS-PP.MPT.PPM	1	15
110300	PPD/PSD.CDS-PP.MPT.PPM	2	3
110300	PPD/PSD.CDS-PP.MPT.PPM	3	10
110300	PPD/PSD.CDS-PP.MPT.PPM	4	16
110500	NC.PPM	1	11
110500	NC.PPM	2	16
110500	PPD/PSD.CDS-PP	1	15
110500	PPD/PSD.CDS-PP	2	3
110500	PS.PAN.L	1	17
110500	PS.PAN.L	2	12
110500	PS.PAN.L	3	8
110600	PPD/PSD.CDS-PP.A.MPT.PPM	1	15
110600	PPD/PSD.CDS-PP.A.MPT.PPM	2	3
110600	PPD/PSD.CDS-PP.A.MPT.PPM	3	1
110600	PPD/PSD.CDS-PP.A.MPT.PPM	4	10
110600	PPD/PSD.CDS-PP.A.MPT.PPM	5	16
110600	PS.L	1	17
110600	PS.L	2	8
110800	PPD/PSD.CDS-PP	1	15
110800	PPD/PSD.CDS-PP	2	3
111000	A.PDR	1	1
111000	A.PDR	2	14
111000	BE.L.VP	1	2
111000	BE.L.VP	2	8
111000	BE.L.VP	3	20
111000	PPD/PSD.MPT	1	15
111000	PPD/PSD.MPT	2	10
111100	PPD/PSD.CDS-PP.A.MPT.PDR.PPM.RIR	1	15
111100	PPD/PSD.CDS-PP.A.MPT.PDR.PPM.RIR	2	3
111100	PPD/PSD.CDS-PP.A.MPT.PDR.PPM.RIR	3	1
111100	PPD/PSD.CDS-PP.A.MPT.PDR.PPM.RIR	4	10
111100	PPD/PSD.CDS-PP.A.MPT.PDR.PPM.RIR	5	14
111100	PPD/PSD.CDS-PP.A.MPT.PDR.PPM.RIR	6	16
111100	PPD/PSD.CDS-PP.A.MPT.PDR.PPM.RIR	7	19
111200	PPD/PSD.CDS-PP	1	15
111200	PPD/PSD.CDS-PP	2	3
111300	PPD/PSD.CDS-PP.PPM	1	15
111300	PPD/PSD.CDS-PP.PPM	2	3
111300	PPD/PSD.CDS-PP.PPM	3	16
111600	PPD/PSD.CDS-PP.A.MPT.PDR.PPM.RIR	1	15
111600	PPD/PSD.CDS-PP.A.MPT.PDR.PPM.RIR	2	3
111600	PPD/PSD.CDS-PP.A.MPT.PDR.PPM.RIR	3	1
111600	PPD/PSD.CDS-PP.A.MPT.PDR.PPM.RIR	4	10
111600	PPD/PSD.CDS-PP.A.MPT.PDR.PPM.RIR	5	14
111600	PPD/PSD.CDS-PP.A.MPT.PDR.PPM.RIR	6	16
111600	PPD/PSD.CDS-PP.A.MPT.PDR.PPM.RIR	7	19
120100	PPD/PSD.CDS-PP	1	15
120100	PPD/PSD.CDS-PP	2	3
120700	PPD/PSD.CDS-PP	1	15
120700	PPD/PSD.CDS-PP	2	3
121000	PPD/PSD.CDS-PP	1	15
121000	PPD/PSD.CDS-PP	2	3
121400	PPD/PSD.CDS-PP	1	15
121400	PPD/PSD.CDS-PP	2	3
130200	PPD/PSD.CDS-PP	1	15
130200	PPD/PSD.CDS-PP	2	3
130300	L.PS	1	8
130300	L.PS	2	17
130300	PPD/PSD.PPM	1	15
130300	PPD/PSD.PPM	2	16
130500	PPD/PSD.CDS-PP	1	15
130500	PPD/PSD.CDS-PP	2	3
130600	PPD/PSD.CDS-PP	1	15
130600	PPD/PSD.CDS-PP	2	3
130800	PPD/PSD.CDS-PP	1	15
130800	PPD/PSD.CDS-PP	2	3
131000	NC.A	1	11
131000	NC.A	2	1
131000	PPD/PSD.CDS-PP	1	15
131000	PPD/PSD.CDS-PP	2	3
131100	PPD/PSD.CDS-PP	1	15
131100	PPD/PSD.CDS-PP	2	3
131100	PS.RIR	1	17
131100	PS.RIR	2	19
131400	NC.PPM	1	11
131400	NC.PPM	2	16
131400	PPD/PSD.CDS-PP	1	15
131400	PPD/PSD.CDS-PP	2	3
131500	PPD/PSD.CDS-PP	1	15
131500	PPD/PSD.CDS-PP	2	3
131700	MPT.PDR	1	10
131700	MPT.PDR	2	14
131700	PPD/PSD.CDS-PP.PPM	1	15
131700	PPD/PSD.CDS-PP.PPM	2	3
131700	PPD/PSD.CDS-PP.PPM	3	16
131800	PPD/PSD.CDS-PP	1	15
131800	PPD/PSD.CDS-PP	2	3
140200	PPD/PSD.CDS-PP.MPT	1	15
140200	PPD/PSD.CDS-PP.MPT	2	3
140200	PPD/PSD.CDS-PP.MPT	3	10
140300	PPD/PSD.CDS-PP	1	15
140300	PPD/PSD.CDS-PP	2	3
140400	PPD/PSD.MPT	1	15
140400	PPD/PSD.MPT	2	10
141400	PPD/PSD.CDS-PP	1	15
141400	PPD/PSD.CDS-PP	2	3
141500	PPD/PSD.CDS-PP	1	15
141500	PPD/PSD.CDS-PP	2	3
141800	CDS-PP.MPT.PPM	1	3
141800	CDS-PP.MPT.PPM	2	10
141800	CDS-PP.MPT.PPM	3	16
141900	PPD/PSD.CDS-PP	1	15
141900	PPD/PSD.CDS-PP	2	3
142100	PPD/PSD.CDS-PP	1	15
142100	PPD/PSD.CDS-PP	2	3
150100	PPD/PSD.CDS-PP.MPT.PPM.A	1	15
150100	PPD/PSD.CDS-PP.MPT.PPM.A	2	3
150100	PPD/PSD.CDS-PP.MPT.PPM.A	3	10
150100	PPD/PSD.CDS-PP.MPT.PPM.A	4	16
150100	PPD/PSD.CDS-PP.MPT.PPM.A	5	1
150300	PPD/PSD.CDS-PP.A.MPT.PPM	1	15
150300	PPD/PSD.CDS-PP.A.MPT.PPM	2	3
150300	PPD/PSD.CDS-PP.A.MPT.PPM	3	1
150300	PPD/PSD.CDS-PP.A.MPT.PPM	4	10
150300	PPD/PSD.CDS-PP.A.MPT.PPM	5	16
150500	PPD/PSD.CDS-PP	1	15
150500	PPD/PSD.CDS-PP	2	3
150600	PPD/PSD.CDS-PP.MPT.PPM.A.PDR	1	15
150600	PPD/PSD.CDS-PP.MPT.PPM.A.PDR	2	3
150600	PPD/PSD.CDS-PP.MPT.PPM.A.PDR	3	10
150600	PPD/PSD.CDS-PP.MPT.PPM.A.PDR	4	16
150600	PPD/PSD.CDS-PP.MPT.PPM.A.PDR	5	1
150600	PPD/PSD.CDS-PP.MPT.PPM.A.PDR	6	14
150700	PPD/PSD.CDS-PP.A	1	15
150700	PPD/PSD.CDS-PP.A	2	3
150700	PPD/PSD.CDS-PP.A	3	1
150800	CDS-PP.MPT	1	3
150800	CDS-PP.MPT	2	10
150900	PPD/PSD.CDS-PP	1	15
150900	PPD/PSD.CDS-PP	2	3
151000	CDS-PP.PDR.A.MPT	1	3
151000	CDS-PP.PDR.A.MPT	2	14
151000	CDS-PP.PDR.A.MPT	3	1
151000	CDS-PP.PDR.A.MPT	4	10
151100	CDS-PP.A.PDR	1	3
151100	CDS-PP.A.PDR	2	1
151100	CDS-PP.A.PDR	3	14
151200	NC.PPM	1	11
151200	NC.PPM	2	16
151200	RIR.PDR	1	19
151200	RIR.PDR	2	14
151300	PPD/PSD.CDS-PP	1	15
151300	PPD/PSD.CDS-PP	2	3
160200	PPD/PSD.CDS-PP.A.PPM	1	15
160200	PPD/PSD.CDS-PP.A.PPM	2	3
160200	PPD/PSD.CDS-PP.A.PPM	3	1
160200	PPD/PSD.CDS-PP.A.PPM	4	16
160500	PPD/PSD.CDS-PP	1	15
160500	PPD/PSD.CDS-PP	2	3
160900	PPD/PSD.CDS-PP	1	15
160900	PPD/PSD.CDS-PP	2	3
170100	PPD/PSD.CDS-PP	1	15
170100	PPD/PSD.CDS-PP	2	3
170300	PPD/PSD.CDS-PP	1	15
170300	PPD/PSD.CDS-PP	2	3
170400	PPD/PSD.CDS-PP	1	15
170400	PPD/PSD.CDS-PP	2	3
170600	PPD/PSD.CDS-PP	1	15
170600	PPD/PSD.CDS-PP	2	3
170900	PPD/PSD.CDS-PP	1	15
170900	PPD/PSD.CDS-PP	2	3
171100	PPD/PSD.CDS-PP	1	15
171100	PPD/PSD.CDS-PP	2	3
171400	PPD/PSD.CDS-PP.A	1	15
171400	PPD/PSD.CDS-PP.A	2	3
171400	PPD/PSD.CDS-PP.A	3	1
180100	PPD/PSD.CDS-PP	1	15
180100	PPD/PSD.CDS-PP	2	3
180300	PPD/PSD.CDS-PP	1	15
180300	PPD/PSD.CDS-PP	2	3
180400	PPD/PSD.CDS-PP.PPM	1	15
180400	PPD/PSD.CDS-PP.PPM	2	3
180400	PPD/PSD.CDS-PP.PPM	3	16
180500	PPD/PSD.CDS-PP	1	15
180500	PPD/PSD.CDS-PP	2	3
180600	PPD/PSD.CDS-PP	1	15
180600	PPD/PSD.CDS-PP	2	3
180700	PPD/PSD.CDS-PP	1	15
180700	PPD/PSD.CDS-PP	2	3
180900	PPD/PSD.CDS-PP	1	15
180900	PPD/PSD.CDS-PP	2	3
181000	PPD/PSD.CDS-PP	1	15
181000	PPD/PSD.CDS-PP	2	3
181100	PPD/PSD.CDS-PP	1	15
181100	PPD/PSD.CDS-PP	2	3
181400	PPD/PSD.CDS-PP	1	15
181400	PPD/PSD.CDS-PP	2	3
181500	PPD/PSD.CDS-PP	1	15
181500	PPD/PSD.CDS-PP	2	3
181900	PPD/PSD.CDS-PP	1	15
181900	PPD/PSD.CDS-PP	2	3
310200	PDR.MPT.A	1	14
310200	PDR.MPT.A	2	10
310200	PDR.MPT.A	3	1
310300	PPD/PSD.CDS-PP	1	15
310300	PPD/PSD.CDS-PP	2	3
310300	PS.BE.PAN.MPT.PDR	1	17
310300	PS.BE.PAN.MPT.PDR	2	2
310300	PS.BE.PAN.MPT.PDR	3	12
310300	PS.BE.PAN.MPT.PDR	4	10
310300	PS.BE.PAN.MPT.PDR	5	14
310400	PPD/PSD.CDS-PP	1	15
310400	PPD/PSD.CDS-PP	2	3
310500	PPD/PSD.CDS-PP	1	15
310500	PPD/PSD.CDS-PP	2	3
310600	PPD/PSD.CDS-PP	1	15
310600	PPD/PSD.CDS-PP	2	3
310800	PDR.MPT.A	1	14
310800	PDR.MPT.A	2	10
310800	PDR.MPT.A	3	1
310800	PPD/PSD.CDS-PP	1	15
310800	PPD/PSD.CDS-PP	2	3
311000	PPD/PSD.CDS-PP	1	15
311000	PPD/PSD.CDS-PP	2	3
320100	PPD/PSD.CDS-PP	1	15
320100	PPD/PSD.CDS-PP	2	3
420100	PPD/PSD.CDS-PP.PPM	1	15
420100	PPD/PSD.CDS-PP.PPM	2	3
420100	PPD/PSD.CDS-PP.PPM	3	16
430100	PPD/PSD.CDS-PP.PPM	1	15
430100	PPD/PSD.CDS-PP.PPM	2	3
430100	PPD/PSD.CDS-PP.PPM	3	16
430200	PPD/PSD.CDS-PP	1	15
430200	PPD/PSD.CDS-PP	2	3
440100	PPD/PSD.CDS-PP.PPM	1	15
440100	PPD/PSD.CDS-PP.PPM	2	3
440100	PPD/PSD.CDS-PP.PPM	3	16
460100	PPD/PSD.CDS-PP.PPM	1	15
460100	PPD/PSD.CDS-PP.PPM	2	3
460100	PPD/PSD.CDS-PP.PPM	3	16
470100	PPD/PSD.CDS-PP.PPM	1	15
470100	PPD/PSD.CDS-PP.PPM	2	3
470100	PPD/PSD.CDS-PP.PPM	3	16
480100	PPD/PSD.CDS-PP.PPM	1	15
480100	PPD/PSD.CDS-PP.PPM	2	3
480100	PPD/PSD.CDS-PP.PPM	3	16
480200	PPD/PSD.PPM.CDS-PP	1	15
480200	PPD/PSD.PPM.CDS-PP	2	16
480200	PPD/PSD.PPM.CDS-PP	3	3
490100	CDS-PP.PPD/PSD.PPM	1	3
490100	CDS-PP.PPD/PSD.PPM	2	15
490100	CDS-PP.PPD/PSD.PPM	3	16
060700	PPD/PSD.CDS-PP	1	15
060700	PPD/PSD.CDS-PP	2	3
070100	PPD/PSD.CDS-PP	1	15
070100	PPD/PSD.CDS-PP	2	3
070500	NC.RIR	1	11
070500	NC.RIR	2	19
070500	PPD/PSD.CDS-PP.MPT.PPM	1	15
070500	PPD/PSD.CDS-PP.MPT.PPM	2	3
070500	PPD/PSD.CDS-PP.MPT.PPM	3	10
070500	PPD/PSD.CDS-PP.MPT.PPM	4	16
071200	PPD/PSD.CDS-PP	1	15
071200	PPD/PSD.CDS-PP	2	3
071300	PPD/PSD.CDS-PP.MPT.PPM	1	15
071300	PPD/PSD.CDS-PP.MPT.PPM	2	3
071300	PPD/PSD.CDS-PP.MPT.PPM	3	10
071300	PPD/PSD.CDS-PP.MPT.PPM	4	16
080500	PPD/PSD.CDS-PP.IL.MPT.PPM	1	15
080500	PPD/PSD.CDS-PP.IL.MPT.PPM	2	3
080500	PPD/PSD.CDS-PP.IL.MPT.PPM	3	6
080500	PPD/PSD.CDS-PP.IL.MPT.PPM	4	10
080500	PPD/PSD.CDS-PP.IL.MPT.PPM	5	16
111400	PPD/PSD.CDS-PP.MPT.PPM	1	15
111400	PPD/PSD.CDS-PP.MPT.PPM	2	3
111400	PPD/PSD.CDS-PP.MPT.PPM	3	10
111400	PPD/PSD.CDS-PP.MPT.PPM	4	16
111500	PPD/PSD.CDS-PP.A.MPT.PDR	1	15
111500	PPD/PSD.CDS-PP.A.MPT.PDR	2	3
111500	PPD/PSD.CDS-PP.A.MPT.PDR	3	1
111500	PPD/PSD.CDS-PP.A.MPT.PDR	4	10
111500	PPD/PSD.CDS-PP.A.MPT.PDR	5	14
111500	PPM.RIR	1	16
111500	PPM.RIR	2	19
121300	PPD/PSD.CDS-PP	1	15
121300	PPD/PSD.CDS-PP	2	3
130400	PPD/PSD.CDS-PP	1	15
130400	PPD/PSD.CDS-PP	2	3
130700	PPD/PSD.CDS-PP	1	15
130700	PPD/PSD.CDS-PP	2	3
140700	PPD/PSD.CDS-PP	1	15
140700	PPD/PSD.CDS-PP	2	3
\.


--
-- Data for Name: district; Type: TABLE DATA; Schema: public; Owner: -
--

COPY public.district (id, name, type) FROM stdin;
1	Aveiro	District
2	Beja	District
3	Braga	District
4	Bragança	District
5	Castelo Branco	District
6	Coimbra	District
7	Évora	District
8	Faro	District
9	Guarda	District
10	Leiria	District
11	Lisboa	District
12	Portalegre	District
13	Porto	District
14	Santarém	District
15	Setúbal	District
16	Viana do Castelo	District
17	Vila Real	District
18	Viseu	District
19	Madeira	Autonomous Region
20	Açores	Autonomous Region
\.


--
-- Data for Name: independent; Type: TABLE DATA; Schema: public; Owner: -
--

COPY public.independent (municipality_code, shortname, name, votes) FROM stdin;
010300	MIAP	Movimento Independente Anadia Primeiro	6231
010600	MPM	Mudar para Melhor	1544
010600	UCPT	Um Concelho para Todos	1164
011000	UPF	Unir Para Fazer	5471
011100	MMMI	Mais e Melhor - Movimento Independente	3615
020900	MCDM	Movimento Cidadãos a Direito por Mértola	102
021400	MC	Grupo de Cidadãos Eleitores Mais Cidadãos	772
030200	TB	TODOS BARCELOS	3325
030400	IPC	Independentes por cabeceiras	2973
030500	CIC	Cidadãos Independentes Por Celorico	1496
040300	U.C.	Unidos Por Carrazeda	1109
040500	UPM	Unidos Por Macedo	597
050200	S-MI	SEMPRE-Movimento Independente	8620
050500	MOV.PT	Movimento Para Todos	1673
050600	MCO	Mais Concelho Oleiros	1420
050700	IND	ABRAÇAR PENAMACOR	1111
060300	CPC	Cidadãos por Coimbra	4201
060600	I-Góis	Independentes por Góis	816
070300	MUB	Movimento Unidos por Borba - MUB	881
070400	MIETZ	MIETZ-Movimento Independente Por Estremoz	2219
070600	MOV	Montemor-o-Vivo	128
071000	MICRE	Movimento Independente do Concelho de Redondo	950
071000	MVR	Movimento Viver Redondo	357
080100	AP	Albufeira Prometida	1617
080100	MIPA	Movimento Independente Por Albufeira	2471
080300	R	Renascer	1137
080600	MLP	Movimento Lagoa Primeiro	1709
080900	CPM	Cidadãos por Monchique	213
081500	SPCVB	Somos Pelo Concelho - Vila do Bispo	837
090100	UPNT	Movimento Independente Unidos Pela Nossa Terra	2195
090700	PG	Pela Guarda	8565
090800	Manteigas 2030	Manteigas 2030	758
091200	JPNT	Juntos Pela Nossa Terra	2296
100200	VA	Vamos Alvaiázere	402
100400	BTMI	BATALHA É DE TODOS MOVIMENTO INDEPENDENTE	4282
100600	VM	Vamos Mudar	9039
100700	MC21	Mudar Castanheira 21	342
100800	MFI	Movimento Figueiró Independente	718
101000	+MPM	+MPM Movimento pelo Concelho	6408
101400	GCEPP	Grupo de cidadãos Eleitores por Peniche	3712
110100	AFE	António Franco/Esperança	1237
110600	STL	Somos Todos Lisboa - STL	864
111000	IN-OV	ISALTINO INOVAR OEIRAS	38924
111300	UTV	Unidos por Torres Vedras - Movimento Cívico	8218
120300	GCA	Grupo de Cidadãos por Avis	339
120700	MCPE	Movimento Cívico por Elvas	3904
121400	CLIP	Candidatura Livre Independente por Portalegre	3268
130800	ANTÓNIO PARADA SIM!	ANTÓNIO PARADA SIM!	6877
130800	MI	Matosinhos Independente	650
131200	RM	"Rui Moreira: Aqui há Porto"	41213
131600	NAU	ELISA FERRAZ - NÓS AVANÇAMOS UNIDOS	13089
140100	ALTERNATIVAcom	Movimento ALTERNATIVAcom	1622
141200	2021ÉOANO	Grupo de Cidadãos Eleitores 2021 É O ANO	1500
141900	MPNT	Movimento P´la Nossa Terra	2882
142100	MOVE	Movimento Independente	1316
150800	MCCP	Movimento de Cidadãos Pelo Concelho de Palmela	3434
151100	MSU	MOVIMENTO SESIMBRA UNIDA	979
151300	MAiSines	Movimento Alternativa Independente Sineense	1585
160700	M51	Movimento 51	1071
160700	PLMT	Ponte de Lima Minha Terra	7689
160700	VIRAMILHO	Associação VIRAMILHO	1625
160800	jmfv	José Monte - Fortalecer Valença	1745
161000	Pence	Movimento Independente Pensar Cerveira	2478
170200	I	Independente- I	643
170400	MMMF	Movimento Mais Mesão Frio	842
171000	JÁ!	Trabalho, cooperação e Futuro com todos!	1153
171000	JF	Justiça e Futuro	126
180100	PNT	Pela Nossa Terra	1153
180200	CICC	Cidadãos Independentes pelo Concelho de Carregal	1280
180800	RM	Renovar Mortágua	1692
181200	MP	Mais Penedono - José Ângelo Pinto	272
181500	PNT	Pela Nossa Terra	2677
182000	MCAT	"Movimento de Cidadãos Amar Tarouca - MCAT"	1514
310700	RB1	Ribeira Brava em Primeiro	4698
320100	UNE	Uma Nova Esperança	549
430200	PV	Esta é a nossa Praia	1011
450100	«CCALHETA»	Independentes DAR VIDA AO CONCELHO	1245
470100	SF	Somos Faial	124
060500	FAP	Figueira A Primeira	12529
081600	CICF	Candidatura Independente Construir o Futuro	715
140500	CIMB	Candidatura Independente pelo Município de. Benavente	527
\.


--
-- Data for Name: municipality; Type: TABLE DATA; Schema: public; Owner: -
--

COPY public.municipality (code, name, district, mandates, registered_voters, valid_votes, blank_votes, null_votes) FROM stdin;
010100	ÁGUEDA	1	7	42315	21140	754	422
010200	ALBERGARIA-A-VELHA	1	7	22442	12759	377	217
010300	ANADIA	1	7	26075	13088	424	232
010400	AROUCA	1	7	19222	12960	255	184
010500	AVEIRO	1	9	70534	32409	1235	594
010600	CASTELO DE PAIVA	1	7	14041	10635	99	192
010700	ESPINHO	1	7	29730	15596	541	313
010800	ESTARREJA	1	7	23945	10917	317	266
010900	FEIRA	1	11	125645	66611	2111	1168
011000	ÍLHAVO	1	7	35973	15657	485	207
011100	MEALHADA	1	7	17933	9129	296	133
011200	MURTOSA	1	5	9916	4513	88	88
011300	OLIVEIRA DE AZEMÉIS	1	9	60365	30913	866	535
011400	OLIVEIRA DO BAIRRO	1	7	20864	10431	306	198
011500	OVAR	1	9	50703	25659	753	544
011600	SÃO JOÃO DA MADEIRA	1	7	19801	9329	269	110
011700	SEVER DO VOUGA	1	7	10586	7111	141	130
011800	VAGOS	1	7	21958	11157	288	216
011900	VALE DE CAMBRA	1	7	20218	12388	262	272
020100	ALJUSTREL	2	5	7930	5325	60	67
020200	ALMODÔVAR	2	5	6167	4289	69	80
020300	ALVITO	2	5	1908	1268	22	35
020400	BARRANCOS	2	5	1310	968	20	12
020500	BEJA	2	7	28777	15807	230	152
020600	CASTRO VERDE	2	5	6074	3843	65	42
020700	CUBA	2	5	3677	2583	77	46
020800	FERREIRA DO ALENTEJO	2	5	6399	3476	119	50
020900	MÉRTOLA	2	5	5853	4109	68	74
021000	MOURA	2	7	12022	6795	118	65
021100	ODEMIRA	2	7	20351	11366	327	259
021200	OURIQUE	2	5	4295	3169	55	54
021300	SERPA	2	7	12488	6812	123	166
021400	VIDIGUEIRA	2	5	4669	3057	50	73
030100	AMARES	3	7	17408	10605	353	195
030200	BARCELOS	3	11	106239	70932	2305	1132
030300	BRAGA	3	11	166180	90308	3061	1317
030400	CABECEIRAS DE BASTO	3	7	16917	10917	114	185
030500	CELORICO DE BASTO	3	7	17560	12030	117	146
030600	ESPOSENDE	3	7	32934	18536	801	350
030700	FAFE	3	7	49633	28634	1061	552
030800	GUIMARÃES	3	11	142954	87795	2258	837
030900	PÓVOA DE LANHOSO	3	7	21834	15101	247	146
031000	TERRAS DE BOURO	3	5	6656	4410	115	66
031100	VIEIRA DO MINHO	3	7	12527	8813	118	106
031200	VILA NOVA DE FAMALICÃO	3	11	119498	72930	2080	895
031300	VILA VERDE	3	7	44022	25363	1077	424
031400	VIZELA	3	7	21415	13392	225	147
040100	ALFÂNDEGA DA FÉ	4	5	5479	3756	61	101
040200	BRAGANÇA	4	7	35426	17084	531	309
040300	CARRAZEDA DE ANSIÃES	4	5	6086	3687	93	111
040400	FREIXO DE ESPADA A CINTA	4	5	3224	2423	37	49
040500	MACEDO DE CAVALEIROS	4	7	17651	10105	157	201
040600	MIRANDA DO DOURO	4	5	7377	5162	68	112
040700	MIRANDELA	4	7	22885	13744	217	265
040800	MOGADOURO	4	5	10129	6654	124	113
040900	TORRE DE MONCORVO	4	5	7970	5376	71	84
041000	VILA FLOR	4	5	6813	4484	66	83
041100	VIMIOSO	4	5	5495	2966	101	120
041200	VINHAIS	4	5	9900	6573	81	100
050100	BELMONTE	5	5	6077	3450	118	75
050200	CASTELO BRANCO	5	7	48441	26178	653	461
050300	COVILHÃ	5	7	44113	24323	834	589
050400	FUNDÃO	5	7	25436	13603	520	295
050500	IDANHA-A-NOVA	5	5	8015	5007	132	134
050600	OLEIROS	5	5	4682	3246	91	94
050700	PENAMACOR	5	5	4337	3013	63	80
050800	PROENÇA-A-NOVA	5	5	6817	4104	146	105
050900	SERTÃ	5	7	13305	8571	190	155
051000	VILA DE REI	5	5	2752	1856	49	75
051100	VILA VELHA DE RÓDÃO	5	5	2809	1836	39	36
060100	ARGANIL	6	7	10171	5958	178	139
060200	CANTANHEDE	6	7	34515	17073	595	305
060300	COIMBRA	6	11	126293	64150	1949	728
060400	CONDEIXA-A-NOVA	6	7	14387	7354	393	158
060500	FIGUEIRA DA FOZ	6	9	54922	29626	634	762
060600	GÓIS	6	5	3445	2453	28	48
060700	LOUSÃ	6	7	15264	8049	278	124
060800	MIRA	6	7	12764	7082	223	123
060900	MIRANDA DO CORVO	6	7	10852	6333	146	90
061000	MONTEMOR-O-VELHO	6	7	21699	12912	344	203
061100	OLIVEIRA DO HOSPITAL	6	7	17589	11445	219	215
061200	PAMPILHOSA DA SERRA	6	5	3474	2434	34	70
061300	PENACOVA	6	7	13375	8043	168	116
061400	PENELA	6	5	4736	3150	60	48
061500	SOURE	6	7	16192	8753	324	173
061600	TÁBUA	6	7	10216	6692	99	135
061700	VILA NOVA DE POIARES	6	5	6200	3231	107	70
070100	ALANDROAL	7	5	4512	2988	41	49
070200	ARRAIOLOS	7	5	5835	3498	120	78
070300	BORBA	7	5	3014	1894	39	28
070400	ESTREMOZ	7	7	11263	6484	108	93
070500	ÉVORA	7	7	31687	22466	586	287
070600	MONTEMOR-O-NOVO	7	7	13816	8209	184	98
070700	MORA	7	5	3965	2441	55	59
070800	MOURÃO	7	5	2171	1529	23	24
070900	PORTEL	7	5	5091	3523	50	32
071000	REDONDO	7	5	5645	3396	49	47
071100	REGUENGOS DE MONSARAZ	7	5	8866	4971	107	67
071200	VENDAS NOVAS	7	5	9993	5700	86	44
071300	VIANA DO ALENTEJO	7	5	4629	2960	54	32
071400	VILA VIÇOSA	7	5	6675	4171	57	73
080100	ALBUFEIRA	8	7	36383	14963	308	189
080200	ALCOUTIM	8	5	2430	1807	37	28
080300	ALJEZUR	8	5	4298	2643	53	24
080400	CASTRO MARIM	8	5	5849	3253	68	47
080500	FARO	8	9	56855	24684	558	294
080600	LAGOA	8	7	19185	9180	185	126
080700	LAGOS	8	7	24774	9813	367	159
080800	LOULÉ	8	9	61795	23911	638	391
080900	MONCHIQUE	8	5	4591	3075	75	55
081000	OLHÃO	8	7	37810	14848	396	222
081100	PORTIMÃO	8	9	50212	20644	604	330
081200	SÃO BRÁS DE ALPORTEL	8	5	9398	4718	116	50
081300	SILVES	8	7	30958	14319	448	213
081400	TAVIRA	8	7	22048	11688	246	129
081500	VILA DO BISPO	8	5	4193	2534	59	36
081600	VILA REAL DE SANTO ANTÓNIO	8	7	16970	9114	130	126
090100	AGUIAR DA BEIRA	9	5	5979	4071	60	74
090200	ALMEIDA	9	5	6738	3984	118	92
090300	CELORICO DA BEIRA	9	5	7385	4864	85	88
090400	FIGUEIRA DE CASTELO RODRIGO	9	5	5395	3814	54	83
090500	FORNOS DE ALGODRES	9	5	4399	3092	69	63
090600	GOUVEIA	9	7	12471	6594	255	171
090700	GUARDA	9	7	37390	22737	432	462
090800	MANTEIGAS	9	5	3125	2156	23	41
090900	MEDA	9	5	5165	3284	67	96
091000	PINHEL	9	5	8967	5151	162	129
091100	SABUGAL	9	7	12572	6929	182	115
091200	SEIA	9	7	21227	12247	373	265
091300	TRANCOSO	9	5	8844	5462	206	129
091400	VILA NOVA DE FOZ CÔA	9	5	7088	4280	100	78
100100	ALCOBAÇA	10	7	47891	25633	911	660
100200	ALVAIÁZERE	10	5	5923	3731	71	69
100300	ANSIÃO	10	7	11103	6951	145	93
100400	BATALHA	10	7	13989	8815	241	161
100500	BOMBARRAL	10	7	11208	6068	154	105
100600	CALDAS DA RAINHA	10	7	45524	21453	460	292
100700	CASTANHEIRA DE PÊRA	10	5	2545	1804	28	37
100800	FIGUEIRÓ DOS VINHOS	10	5	5270	3478	76	79
100900	LEIRIA	10	11	113434	57058	2134	1140
101000	MARINHA GRANDE	10	7	34341	15976	480	271
101100	NAZARÉ	10	7	14217	5964	230	144
101200	ÓBIDOS	10	7	10563	5764	176	88
101300	PEDRÓGÃO GRANDE	10	5	3094	1977	36	47
101400	PENICHE	10	7	24331	11928	262	162
101500	POMBAL	10	7	49036	21475	951	510
101600	PORTO DE MÓS	10	7	20749	12674	266	212
110100	ALENQUER	11	7	36794	17134	613	313
110200	ARRUDA DOS VINHOS	11	7	11434	6677	131	88
110300	AZAMBUJA	11	7	17597	8710	305	221
110400	CADAVAL	11	7	11943	6398	193	143
110500	CASCAIS	11	11	179237	77318	1569	971
110600	LISBOA	11	17	476050	235298	4823	2622
110700	LOURES	11	11	169257	78127	2259	1405
110800	LOURINHÃ	11	7	23260	12199	413	301
110900	MAFRA	11	9	68099	33841	945	518
111000	OEIRAS	11	11	147343	72296	2558	1387
111100	SINTRA	11	11	323280	124034	3484	2221
111200	SOBRAL DE MONTE AGRAÇO	11	5	8569	4688	154	111
111300	TORRES VEDRAS	11	9	69477	36599	907	642
111400	VILA FRANCA DE XIRA	11	11	113974	49317	1854	880
111500	AMADORA	11	11	145310	59558	1449	1005
111600	ODIVELAS	11	11	126833	52586	1456	1027
120100	ALTER DO CHÃO	12	5	2699	1898	33	24
120200	ARRONCHES	12	5	2526	1906	28	15
120300	AVIS	12	5	3433	2330	60	45
120400	CAMPO MAIOR	12	5	7054	4079	100	65
120500	CASTELO DE VIDE	12	5	2684	1924	46	22
120600	CRATO	12	5	2974	2243	32	22
120700	ELVAS	12	7	18811	9957	202	154
120800	FRONTEIRA	12	5	2617	1753	54	55
120900	GAVIÃO	12	5	3200	2130	49	46
121000	MARVÃO	12	5	2725	1994	29	29
121100	MONFORTE	12	5	2557	1743	22	29
121200	NISA	12	5	5694	3683	67	55
121300	PONTE DE SOR	12	7	13857	6783	210	122
121400	PORTALEGRE	12	7	20033	12717	159	129
121500	SOUSEL	12	5	3895	2753	42	50
130100	AMARANTE	13	9	50101	30065	556	326
130200	BAIÃO	13	7	16830	11049	178	163
130300	FELGUEIRAS	13	9	51721	31479	629	407
130400	GONDOMAR	13	11	146210	67603	2316	1455
130500	LOUSADA	13	7	41453	27495	422	259
130600	MAIA	13	11	116981	57592	2425	1157
130700	MARCO DE CANAVESES	13	7	45388	29494	376	378
130800	MATOSINHOS	13	11	151342	66240	2247	1148
130900	PAÇOS DE FERREIRA	13	7	48816	31047	609	436
131000	PAREDES	13	9	74295	47671	960	820
131100	PENAFIEL	13	9	61944	42445	635	584
131200	PORTO	13	13	207129	97796	2253	1130
131300	PÓVOA DE VARZIM	13	9	60162	27587	959	392
131400	SANTO TIRSO	13	9	61979	33562	1382	539
131500	VALONGO	13	9	84294	37940	1462	884
131600	VILA DO CONDE	13	9	71757	42023	938	391
131700	VILA NOVA DE GAIA	13	11	267468	121971	3562	2013
131800	TROFA	13	7	33834	20251	497	320
140100	ABRANTES	14	7	31591	16551	413	276
140200	ALCANENA	14	7	11773	6509	141	126
140300	ALMEIRIM	14	7	19605	7923	238	105
140400	ALPIARÇA	14	5	6268	3585	109	43
140500	BENAVENTE	14	7	24411	10339	340	212
140600	CARTAXO	14	7	20643	10380	302	154
140700	CHAMUSCA	14	5	7667	4445	119	74
140800	CONSTÂNCIA	14	5	3320	2219	55	34
140900	CORUCHE	14	7	15845	7873	201	264
141000	ENTRONCAMENTO	14	7	17012	8047	274	180
141100	FERREIRA DO ZÊZERE	14	5	6961	4780	84	99
141200	GOLEGÃ	14	5	4866	3057	44	36
141300	MAÇÃO	14	5	5866	4008	74	98
141400	RIO MAIOR	14	7	17739	9602	220	151
141500	SALVATERRA DE MAGOS	14	7	18992	7838	290	189
141600	SANTARÉM	14	9	50899	25800	747	362
141700	SARDOAL	14	5	4366	2246	42	32
141800	TOMAR	14	7	33892	17074	510	367
141900	TORRES NOVAS	14	7	30795	16691	416	268
142000	VILA NOVA DA BARQUINHA	14	5	6236	3047	115	71
142100	OURÉM	14	7	40870	20852	664	480
150100	ALCÁCER DO SAL	15	7	10139	6145	98	76
150200	ALCOCHETE	15	7	15263	8641	149	102
150300	ALMADA	15	11	151953	68642	1328	796
150400	BARREIRO	15	9	68267	33596	525	390
150500	GRÂNDOLA	15	7	11936	6347	152	84
150600	MOITA	15	9	58407	23766	480	350
150700	MONTIJO	15	7	43810	19158	572	245
150800	PALMELA	15	9	56024	22860	699	368
150900	SANTIAGO DO CACÉM	15	7	24215	12080	330	153
151000	SEIXAL	15	11	142900	59999	1396	834
151100	SESIMBRA	15	7	45135	18416	576	344
151200	SETÚBAL	15	11	105651	42905	1051	570
151300	SINES	15	7	12170	5905	104	44
160100	ARCOS DE VALDEVEZ	16	7	24703	13525	407	168
160200	CAMINHA	16	7	16131	9566	229	164
160300	MELGAÇO	16	7	10024	3858	204	80
160400	MONÇÃO	16	7	19360	11322	213	195
160500	PAREDES DE COURA	16	5	8597	4796	166	101
160600	PONTE DA BARCA	16	7	12983	8049	218	83
160700	PONTE DE LIMA	16	7	40597	26400	600	441
160800	VALENÇA	16	7	12981	8325	112	116
160900	VIANA DO CASTELO	16	9	82728	43909	1728	906
161000	VILA NOVA DE CERVEIRA	16	5	8430	5857	109	65
170100	ALIJÓ	17	7	11427	6999	176	228
170200	BOTICAS	17	5	7729	3825	120	77
170300	CHAVES	17	7	42890	22945	537	370
170400	MESÃO FRIO	17	5	3634	2496	48	43
170500	MONDIM DE BASTO	17	5	7749	4658	51	55
170600	MONTALEGRE	17	7	13793	7152	211	136
170700	MURÇA	17	5	6367	3769	92	87
170800	PESO DA RÉGUA	17	7	15291	8708	151	137
170900	RIBEIRA DE PENA	17	5	8503	5260	70	67
171000	SABROSA	17	5	6245	4082	48	90
171100	SANTA MARTA DE PENAGUIÃO	17	5	7203	4337	143	101
171200	VALPAÇOS	17	7	18846	9344	413	213
171300	VILA POUCA DE AGUIAR	17	7	14351	8413	200	134
171400	VILA REAL	17	7	49701	28731	717	449
180100	ARMAMAR	18	5	5854	3683	77	122
180200	CARREGAL DO SAL	18	5	9033	5325	134	123
180300	CASTRO DAIRE	18	7	13942	9134	156	147
180400	CINFÃES	18	7	16356	10439	174	210
180500	LAMEGO	18	7	23603	14673	284	347
180600	MANGUALDE	18	7	17888	9949	354	227
180700	MOIMENTA DA BEIRA	18	7	10194	6204	137	140
180800	MORTÁGUA	18	5	8480	4976	157	79
180900	NELAS	18	7	12539	7292	211	160
181000	OLIVEIRA DE FRADES	18	5	8710	5818	120	106
181100	PENALVA DO CASTELO	18	5	7448	4868	118	115
181200	PENEDONO	18	5	2921	1881	21	52
181300	RESENDE	18	7	10137	7224	89	131
181400	SANTA COMBA DÃO	18	7	10307	5985	205	108
181500	SÃO JOÃO DA PESQUEIRA	18	5	6625	4370	109	102
181600	SÃO PEDRO DO SUL	18	7	14934	9668	220	159
181700	SÁTÃO	18	7	12767	7365	105	137
181800	SERNANCELHE	18	5	5266	3754	111	77
181900	TABUAÇO	18	5	4826	3112	100	106
182000	TAROUCA	18	5	7159	4305	68	112
182100	TONDELA	18	7	24884	14998	544	236
182200	VILA NOVA DE PAIVA	18	5	5971	3132	70	53
182300	VISEU	18	9	92444	50471	1142	617
182400	VOUZELA	18	5	8999	5873	155	81
310100	CALHETA	19	7	12329	6858	36	152
310200	CÂMARA DE LOBOS	19	7	32693	15851	167	322
310300	FUNCHAL	19	11	106549	55512	478	1153
310400	MACHICO	19	7	20560	11115	93	222
310500	PONTA DO SOL	19	5	9909	5396	21	104
310600	PORTO MONIZ	19	5	3052	2047	22	28
310700	RIBEIRA BRAVA	19	7	14021	7117	95	218
310800	SANTA CRUZ	19	7	40013	21479	170	386
310900	SANTANA	19	5	7467	4557	37	85
311000	SÃO VICENTE	19	5	5988	3184	35	104
320100	PORTO SANTO	19	5	5236	3531	30	58
410100	VILA DO PORTO	20	5	5397	2934	61	26
420100	LAGOA	20	7	12908	6236	94	82
420200	NORDESTE	20	5	4753	2894	79	50
420300	PONTA DELGADA	20	9	65228	27876	646	313
420400	POVOAÇÃO	20	5	6353	3861	36	48
420500	RIBEIRA GRANDE	20	7	28616	15203	176	167
420600	VILA FRANCA DO CAMPO	20	7	10457	5494	92	68
430100	ANGRA DO HEROÍSMO	20	7	33236	17878	460	159
430200	VILA DA PRAIA DA VITÓRIA	20	7	19367	10284	261	99
440100	SANTA CRUZ DA GRACIOSA	20	5	3922	2672	44	70
450100	CALHETA	20	5	3712	2265	64	14
450200	VELAS	20	5	4969	2933	141	57
460100	LAJES DO PICO	20	5	4468	3073	59	45
460200	MADALENA	20	5	5962	3755	107	19
460300	SÃO ROQUE DO PICO	20	5	3235	2192	45	31
470100	HORTA	20	7	13044	8237	141	60
480100	LAJES DAS FLORES	20	5	1284	952	28	12
480200	SANTA CRUZ DAS FLORES	20	5	1831	1253	23	18
490100	CORVO	20	5	346	272	5	1
\.


--
-- Data for Name: party; Type: TABLE DATA; Schema: public; Owner: -
--

COPY public.party (id, shortname, name) FROM stdin;
1	A	Aliança
2	BE	Bloco de Esquerda
3	CDS-PP	CDS – Partido Popular
4	CH	Chega
5	E	Ergue-te
6	IL	Iniciativa Liberal
7	JPP	Juntos Pelo Povo
8	L	LIVRE
9	MAS	Movimento Alternativa Socialista
10	MPT	Partido da Terra
11	NC	Nós, Cidadãos!
12	PAN	Pessoas-Animais-Natureza
13	PCTP/MRPP	Partido Comunista dos Trabalhadores Portugueses (PCTP/MRPP)
14	PDR	Partido Democrático Republicano
15	PPD/PSD	Partido Social Democrata
16	PPM	Partido Popular Monárquico
17	PS	Partido Socialista
18	PTP	Partido Trabalhista Português
19	RIR	Reagir, Incluir, Reciclar
20	VP	Volt Portugal
21	PCP-PEV	CDU - Coligação Democrática Unitária (PCP-PEV)
\.


--
-- Data for Name: party_votes; Type: TABLE DATA; Schema: public; Owner: -
--

COPY public.party_votes (municipality_code, party_id, votes) FROM stdin;
100100	3	1409
100100	4	1278
100100	6	944
100100	11	1214
100100	15	11638
100100	17	8210
100100	21	940
100200	4	174
100200	15	1578
100200	17	1532
100200	21	45
100300	3	115
100300	4	359
100300	15	2936
100300	17	3449
100300	21	92
100400	3	435
100400	4	435
100400	6	304
100400	15	3258
100400	21	101
100500	3	374
100500	4	298
100500	15	2418
100500	17	2606
100500	21	372
100600	2	523
100600	4	661
100600	15	7723
100600	17	2473
100600	21	424
100700	17	748
100700	21	16
100800	4	43
100800	15	1107
100800	17	1585
100800	21	25
100900	2	1455
100900	4	3424
100900	6	1440
100900	8	401
100900	12	1103
100900	15	13596
100900	17	31516
100900	21	1563
101000	2	619
101000	3	138
101000	4	565
101000	15	1150
101000	17	3659
101000	21	3437
101100	2	322
101100	3	106
101100	15	1784
101100	17	2846
101100	21	906
101200	2	178
101200	3	48
101200	4	277
101200	15	2724
101200	17	2207
101200	21	255
101300	3	239
101300	4	33
101300	15	1084
101300	17	581
101300	21	40
101400	2	117
101400	4	391
101400	8	161
101400	15	3246
101400	17	3028
101400	21	1273
101500	2	668
101500	4	841
101500	6	741
101500	15	14007
101500	17	4811
101500	21	407
101600	4	389
101600	15	7347
101600	17	4717
101600	21	221
110100	2	1027
110100	4	1345
110100	15	2629
110100	17	7660
110100	21	2074
110200	4	325
110200	17	4483
110200	21	367
110300	2	426
110300	4	926
110300	17	3677
110300	21	1305
110400	3	163
110400	15	3522
110400	17	2360
110400	21	353
110500	2	2919
110500	4	5927
110500	6	3469
110500	21	4304
110600	2	15057
110600	4	10730
110600	5	338
110600	6	10213
110600	11	494
110600	12	6625
110600	14	319
110600	20	1016
110600	21	25550
110700	2	3155
110700	3	1246
110700	4	6895
110700	6	2727
110700	12	1824
110700	13	1248
110700	15	11456
110700	17	25761
110700	21	23815
110800	4	1370
110800	17	5833
110800	21	569
110900	2	955
110900	3	354
110900	4	1979
110900	6	927
110900	12	1094
110900	15	20298
110900	17	6684
110900	21	1550
111000	3	1365
111000	4	2822
111000	6	3077
111000	12	2253
111000	17	7935
111000	21	3994
111100	2	7538
111100	4	11793
111100	6	3488
111100	11	3859
111100	12	4216
111100	17	45746
111100	21	11696
111200	17	1375
111200	21	2124
111300	1	1977
111300	2	818
111300	4	1572
111300	17	15257
111300	21	1784
111400	2	3120
111400	4	4441
111400	12	2017
111400	17	20684
111400	21	11368
111500	2	3305
111500	4	3390
111500	6	1729
111500	9	227
111500	12	1916
111500	17	27220
111500	21	6162
111600	2	2602
111600	4	4790
111600	6	1680
111600	12	1763
111600	17	24700
111600	21	5957
120100	2	59
120100	4	64
120100	17	779
120100	21	140
120200	4	30
120200	15	1038
120200	17	788
120200	21	50
120300	15	152
120300	17	501
120300	21	1338
120400	2	91
120400	4	492
120400	17	2225
120400	21	1271
120500	3	24
120500	15	1004
120500	17	839
120500	21	57
120600	4	20
120600	11	440
120600	15	423
120600	17	1009
120600	21	351
120700	4	1008
120700	17	3218
120700	21	396
120800	4	157
120800	15	1082
120800	17	413
120800	21	101
120900	4	82
120900	15	451
120900	17	1051
120900	21	546
121000	4	41
121000	17	912
121000	21	52
121100	4	128
121100	15	94
121100	17	402
121100	21	1119
121200	4	157
121200	15	549
121200	17	2071
121200	21	906
121300	2	244
121300	4	513
121300	17	4559
121300	21	1020
121400	2	53
121400	4	253
121400	17	3297
121400	21	853
121500	4	74
121500	15	787
121500	17	1769
121500	21	123
130100	1	16226
130100	2	659
130100	4	623
130100	17	12046
130100	21	511
130200	4	294
130200	17	6927
130200	21	136
130300	3	606
130300	4	640
130300	6	481
130300	21	607
130400	2	4114
130400	4	2853
130400	6	1944
130400	12	2055
130400	17	33541
130400	21	7702
130500	2	423
130500	4	430
130500	17	16565
130500	19	179
130500	21	325
130600	2	3159
130600	4	2355
130600	6	2240
130600	12	2291
130600	16	128
130600	17	19741
130600	21	2946
130700	2	388
130700	4	438
130700	17	17860
130700	21	462
130800	2	3940
130800	4	2647
130800	6	3267
130800	12	1888
130800	17	30382
130800	21	4576
130900	3	500
130900	4	714
130900	15	10889
130900	17	17905
130900	21	1039
131000	2	681
131000	4	821
131000	17	31015
131000	21	1166
131100	2	727
131100	4	947
131100	21	843
131200	2	6321
131200	4	2983
131200	5	79
131200	8	461
131200	12	2821
131200	15	17481
131200	16	211
131200	17	18192
131200	20	424
131200	21	7610
131300	2	826
131300	3	982
131300	4	1593
131300	6	1003
131300	12	683
131300	15	14946
131300	17	6343
131300	21	1211
131400	2	2148
131400	4	1577
131400	17	21429
131400	21	1233
131500	2	1948
131500	4	1691
131500	11	1099
131500	12	1198
131500	17	20214
131500	21	2059
131600	2	686
131600	3	461
131600	4	1095
131600	6	725
131600	12	725
131600	15	5975
131600	17	18408
131600	21	859
131700	2	5887
131700	4	5368
131700	6	3760
131700	8	582
131700	12	3484
131700	17	73713
131700	21	6162
131800	4	512
131800	12	567
131800	17	6791
131800	21	484
140100	2	1071
140100	4	912
140100	15	2422
140100	17	9623
140100	21	901
140200	4	235
140200	17	2667
140200	21	457
140300	4	654
140300	17	5647
140300	21	881
140400	4	113
140400	17	1618
140400	21	1506
140500	3	128
140500	4	1296
140500	15	2808
140500	17	1988
140500	21	3592
140600	2	473
140600	4	936
140600	15	5047
140600	17	3146
140600	21	778
140700	4	448
140700	17	2056
140700	21	1047
140800	3	61
140800	4	85
140800	15	67
140800	17	1355
140800	21	651
140900	4	471
140900	15	1263
140900	17	4210
140900	21	1929
141000	2	568
141000	3	607
141000	4	949
141000	15	2678
141000	17	2743
141000	21	502
141100	4	68
141100	11	148
141100	15	1698
141100	17	2823
141100	21	43
141200	4	81
141200	17	1351
141200	21	125
141300	3	57
141300	4	102
141300	15	2649
141300	17	1091
141300	21	109
141400	2	144
141400	4	405
141400	17	2870
141400	21	509
141500	2	1093
141500	4	1106
141500	17	4126
141500	21	740
141600	2	1132
141600	3	706
141600	4	2134
141600	6	574
141600	12	306
141600	15	10071
141600	17	8950
141600	21	1927
141700	3	14
141700	4	114
141700	15	1049
141700	17	1015
141700	21	54
141800	2	854
141800	4	1108
141800	15	6248
141800	17	7157
141800	20	220
141800	21	915
141900	2	1195
141900	4	541
141900	6	221
141900	17	7866
141900	21	1048
142000	3	28
142000	4	401
142000	15	523
142000	17	1775
142000	21	320
142100	4	1078
142100	17	4122
142100	21	482
150100	4	147
150100	17	2782
150100	21	3041
150200	3	856
150200	4	468
150200	15	602
150200	17	4732
150200	21	1983
150300	2	4817
150300	4	3988
150300	6	1393
150300	12	1636
150300	17	28203
150300	21	21031
150400	2	1010
150400	3	203
150400	4	1479
150400	8	166
150400	12	581
150400	15	2506
150400	17	19563
150400	21	8088
150500	4	185
150500	17	2762
150500	21	2934
150600	2	1858
150600	4	2206
150600	12	674
150600	17	9258
150600	21	8144
150700	2	827
150700	4	1301
150700	6	871
150700	12	634
150700	16	201
150700	17	5898
150700	21	3879
150800	2	1021
150800	4	1870
150800	11	358
150800	15	2084
150800	16	43
150800	17	5689
150800	19	203
150800	21	7522
150900	2	644
150900	4	626
150900	17	3417
150900	21	5465
151000	2	2701
151000	4	5027
151000	6	1146
151000	12	1713
151000	15	5798
151000	17	19213
151000	21	23492
151100	2	1031
151100	4	1805
151100	15	1445
151100	17	5981
151100	21	6632
151200	2	1882
151200	3	754
151200	4	2609
151200	6	1034
151200	12	999
151200	15	7413
151200	17	12318
151200	21	15336
151300	4	210
151300	17	3041
151300	21	867
160100	3	353
160100	4	378
160100	15	8219
160100	17	4275
160100	21	300
160200	2	339
160200	17	4661
160200	21	447
160300	15	1504
160300	17	2246
160300	21	108
160400	3	206
160400	4	207
160400	15	7305
160400	17	3490
160400	21	114
160500	17	3332
160500	21	409
160600	3	104
160600	4	133
160600	15	3892
160600	17	3737
160600	21	183
160700	3	11904
160700	4	325
160700	15	3070
160700	16	129
160700	21	587
160800	4	87
160800	11	567
160800	15	2409
160800	17	3421
160800	21	96
160900	1	1788
160900	2	2114
160900	4	1605
160900	6	836
160900	11	472
160900	17	20973
160900	21	4673
161000	2	106
161000	4	159
161000	17	3080
161000	21	34
170100	4	142
170100	17	2285
170100	21	131
170200	4	63
170200	15	2966
170200	21	153
170300	4	497
170300	17	13003
170300	21	771
170400	17	1258
170400	21	30
170500	3	281
170500	15	2331
170500	17	2006
170500	21	40
170600	17	3842
170600	21	143
170700	3	158
170700	15	2249
170700	17	1331
170700	21	31
170800	2	198
170800	3	56
170800	4	174
170800	15	4827
170800	17	3312
170800	21	141
170900	4	56
170900	17	2969
170900	21	25
171000	3	335
171000	4	43
171000	15	1150
171000	17	1218
171000	21	57
171100	17	2626
171100	21	100
171200	3	303
171200	4	198
171200	15	7368
171200	17	1359
171200	21	116
171300	3	112
171300	4	159
171300	15	5681
171300	17	2312
171300	21	149
171400	2	802
171400	4	1246
171400	17	17472
171400	21	633
180100	21	319
180200	2	73
180200	3	205
180200	15	855
180200	17	2869
180200	21	43
180300	4	384
180300	17	2700
180300	21	191
180400	17	6696
180400	21	196
180500	4	630
180500	17	6725
180500	21	382
180600	4	1199
180600	17	5777
180600	21	270
180700	4	146
180700	17	3531
180700	21	80
180800	17	3231
180800	21	53
180900	17	3023
180900	21	263
181000	11	2496
181000	17	395
181000	21	186
181100	17	2893
181100	21	81
181200	15	943
181200	17	651
181200	21	15
181300	15	3506
181300	17	3650
181300	21	68
181400	17	3323
181400	21	174
181500	21	81
181600	4	251
181600	15	3251
181600	17	5988
181600	21	178
181700	4	483
181700	15	3651
181700	17	3075
181700	21	156
181800	15	3228
181800	17	369
181800	21	157
181900	4	147
181900	17	617
181900	21	30
182000	15	2674
182000	21	117
182100	4	585
182100	15	7089
182100	17	6845
182100	21	479
182200	11	547
182200	15	1112
182200	17	1419
182200	21	54
182300	2	1052
182300	3	1055
182300	4	1544
182300	6	1146
182300	12	657
182300	15	24414
182300	17	19994
182300	21	609
182400	4	196
182400	15	3609
182400	17	1971
182400	21	97
310100	3	819
310100	15	5047
310100	17	870
310100	18	54
310100	21	68
310200	3	1226
310200	4	697
310200	7	480
310200	15	9866
310200	17	2845
310200	18	189
310200	19	78
310200	21	378
310300	4	1471
310300	6	718
310300	7	966
310300	8	252
310300	16	258
310300	18	632
310300	21	1657
310400	4	235
310400	6	189
310400	7	495
310400	17	5951
310400	18	68
310400	21	90
310500	6	62
310500	7	180
310500	17	2978
310500	18	37
310500	19	10
310500	21	47
310600	17	1147
310600	21	24
310700	4	596
310700	17	1542
310700	18	152
310700	21	129
310800	4	500
310800	6	229
310800	7	11932
310800	17	1673
310800	18	369
310800	19	96
310800	21	364
310900	3	2720
310900	15	1267
310900	17	499
310900	19	28
310900	21	43
311000	6	412
311000	17	309
311000	18	63
311000	19	24
311000	21	33
320100	16	26
320100	17	1091
320100	21	22
410100	2	125
410100	15	1045
410100	17	1732
410100	21	32
420100	2	145
420100	4	143
420100	17	4031
420100	21	39
420200	4	31
420200	15	2118
420200	17	648
420200	21	97
420300	2	791
420300	4	558
420300	6	776
420300	12	581
420300	15	14069
420300	17	10758
420300	21	343
420400	4	12
420400	15	1247
420400	17	2576
420400	21	26
420500	2	287
420500	4	240
420500	15	9568
420500	17	4984
420500	21	124
420600	4	66
420600	15	2539
420600	17	2848
420600	21	41
430100	2	490
430100	4	337
430100	17	9826
430100	21	206
430200	2	88
430200	4	141
430200	17	4304
430200	21	72
440100	17	1077
450100	17	1020
450200	3	2078
450200	17	855
460100	17	1765
460100	21	95
460200	2	73
460200	15	2254
460200	17	1428
460300	15	1381
460300	17	811
470100	2	168
470100	17	3493
470100	21	419
480100	17	485
480200	17	800
490100	17	166
490100	21	9
\.


--
-- Name: district idx_499978_sqlite_autoindex_district_1; Type: CONSTRAINT; Schema: public; Owner: -
--

ALTER TABLE ONLY public.district
    ADD CONSTRAINT idx_499978_sqlite_autoindex_district_1 PRIMARY KEY (id);


--
-- Name: party idx_499983_party_pkey; Type: CONSTRAINT; Schema: public; Owner: -
--

ALTER TABLE ONLY public.party
    ADD CONSTRAINT idx_499983_party_pkey PRIMARY KEY (id);


--
-- Name: municipality idx_499988_sqlite_autoindex_municipality_1; Type: CONSTRAINT; Schema: public; Owner: -
--

ALTER TABLE ONLY public.municipality
    ADD CONSTRAINT idx_499988_sqlite_autoindex_municipality_1 PRIMARY KEY (code);


--
-- Name: independent idx_499993_sqlite_autoindex_independent_1; Type: CONSTRAINT; Schema: public; Owner: -
--

ALTER TABLE ONLY public.independent
    ADD CONSTRAINT idx_499993_sqlite_autoindex_independent_1 PRIMARY KEY (municipality_code, shortname);


--
-- Name: coalition idx_499999_sqlite_autoindex_coalition_1; Type: CONSTRAINT; Schema: public; Owner: -
--

ALTER TABLE ONLY public.coalition
    ADD CONSTRAINT idx_499999_sqlite_autoindex_coalition_1 PRIMARY KEY (municipality_code, shortname);


--
-- Name: coalition_member idx_500005_sqlite_autoindex_coalition_member_1; Type: CONSTRAINT; Schema: public; Owner: -
--

ALTER TABLE ONLY public.coalition_member
    ADD CONSTRAINT idx_500005_sqlite_autoindex_coalition_member_1 PRIMARY KEY (municipality_code, coalition_shortname, order_number);


--
-- Name: party_votes idx_500010_sqlite_autoindex_party_votes_1; Type: CONSTRAINT; Schema: public; Owner: -
--

ALTER TABLE ONLY public.party_votes
    ADD CONSTRAINT idx_500010_sqlite_autoindex_party_votes_1 PRIMARY KEY (municipality_code, party_id);


--
-- Name: idx_499978_sqlite_autoindex_district_2; Type: INDEX; Schema: public; Owner: -
--

CREATE UNIQUE INDEX idx_499978_sqlite_autoindex_district_2 ON public.district USING btree (name);


--
-- Name: idx_499983_sqlite_autoindex_party_1; Type: INDEX; Schema: public; Owner: -
--

CREATE UNIQUE INDEX idx_499983_sqlite_autoindex_party_1 ON public.party USING btree (shortname);


--
-- Name: idx_500005_sqlite_autoindex_coalition_member_2; Type: INDEX; Schema: public; Owner: -
--

CREATE UNIQUE INDEX idx_500005_sqlite_autoindex_coalition_member_2 ON public.coalition_member USING btree (municipality_code, coalition_shortname, party_id);


--
-- Name: coalition_member coalition_member_municipality_code_coalition_shortname_fkey; Type: FK CONSTRAINT; Schema: public; Owner: -
--

ALTER TABLE ONLY public.coalition_member
    ADD CONSTRAINT coalition_member_municipality_code_coalition_shortname_fkey FOREIGN KEY (municipality_code, coalition_shortname) REFERENCES public.coalition(municipality_code, shortname) ON UPDATE CASCADE ON DELETE CASCADE;


--
-- Name: coalition_member coalition_member_party_id_fkey; Type: FK CONSTRAINT; Schema: public; Owner: -
--

ALTER TABLE ONLY public.coalition_member
    ADD CONSTRAINT coalition_member_party_id_fkey FOREIGN KEY (party_id) REFERENCES public.party(id) ON UPDATE CASCADE ON DELETE RESTRICT;


--
-- Name: coalition coalition_municipality_code_fkey; Type: FK CONSTRAINT; Schema: public; Owner: -
--

ALTER TABLE ONLY public.coalition
    ADD CONSTRAINT coalition_municipality_code_fkey FOREIGN KEY (municipality_code) REFERENCES public.municipality(code) ON UPDATE CASCADE ON DELETE RESTRICT;


--
-- Name: independent independent_municipality_code_fkey; Type: FK CONSTRAINT; Schema: public; Owner: -
--

ALTER TABLE ONLY public.independent
    ADD CONSTRAINT independent_municipality_code_fkey FOREIGN KEY (municipality_code) REFERENCES public.municipality(code) ON UPDATE CASCADE ON DELETE RESTRICT;


--
-- Name: municipality municipality_district_fkey; Type: FK CONSTRAINT; Schema: public; Owner: -
--

ALTER TABLE ONLY public.municipality
    ADD CONSTRAINT municipality_district_fkey FOREIGN KEY (district) REFERENCES public.district(id) ON UPDATE CASCADE ON DELETE RESTRICT;


--
-- Name: party_votes party_votes_municipality_code_fkey; Type: FK CONSTRAINT; Schema: public; Owner: -
--

ALTER TABLE ONLY public.party_votes
    ADD CONSTRAINT party_votes_municipality_code_fkey FOREIGN KEY (municipality_code) REFERENCES public.municipality(code) ON UPDATE CASCADE ON DELETE RESTRICT;


--
-- Name: party_votes party_votes_party_id_fkey; Type: FK CONSTRAINT; Schema: public; Owner: -
--

ALTER TABLE ONLY public.party_votes
    ADD CONSTRAINT party_votes_party_id_fkey FOREIGN KEY (party_id) REFERENCES public.party(id) ON UPDATE CASCADE ON DELETE RESTRICT;


--
-- PostgreSQL database dump complete
--
