SET statement_timeout = 0;
SET lock_timeout = 0;
SET idle_in_transaction_session_timeout = 0;
SET client_encoding = 'UTF8';
SET standard_conforming_strings = on;
SELECT pg_catalog.set_config('search_path', '', false);
SET check_function_bodies = false;
SET xmloption = content;
SET client_min_messages = warning;
SET row_security = off;

ALTER TABLE IF EXISTS ONLY public.party_votes DROP CONSTRAINT IF EXISTS party_votes_party_id_fkey;
ALTER TABLE IF EXISTS ONLY public.party_votes DROP CONSTRAINT IF EXISTS party_votes_municipality_code_fkey;
ALTER TABLE IF EXISTS ONLY public.municipality DROP CONSTRAINT IF EXISTS municipality_district_fkey;
ALTER TABLE IF EXISTS ONLY public.independent DROP CONSTRAINT IF EXISTS independent_municipality_code_fkey;
ALTER TABLE IF EXISTS ONLY public.coalition DROP CONSTRAINT IF EXISTS coalition_municipality_code_fkey;
ALTER TABLE IF EXISTS ONLY public.coalition_member DROP CONSTRAINT IF EXISTS coalition_member_party_id_fkey;
ALTER TABLE IF EXISTS ONLY public.coalition_member DROP CONSTRAINT IF EXISTS coalition_member_municipality_code_coalition_shortname_fkey;
DROP INDEX IF EXISTS public.idx_500005_sqlite_autoindex_coalition_member_2;
DROP INDEX IF EXISTS public.idx_499983_sqlite_autoindex_party_1;
DROP INDEX IF EXISTS public.idx_499978_sqlite_autoindex_district_2;
ALTER TABLE IF EXISTS ONLY public.party_votes DROP CONSTRAINT IF EXISTS idx_500010_sqlite_autoindex_party_votes_1;
ALTER TABLE IF EXISTS ONLY public.coalition_member DROP CONSTRAINT IF EXISTS idx_500005_sqlite_autoindex_coalition_member_1;
ALTER TABLE IF EXISTS ONLY public.coalition DROP CONSTRAINT IF EXISTS idx_499999_sqlite_autoindex_coalition_1;
ALTER TABLE IF EXISTS ONLY public.independent DROP CONSTRAINT IF EXISTS idx_499993_sqlite_autoindex_independent_1;
ALTER TABLE IF EXISTS ONLY public.municipality DROP CONSTRAINT IF EXISTS idx_499988_sqlite_autoindex_municipality_1;
ALTER TABLE IF EXISTS ONLY public.party DROP CONSTRAINT IF EXISTS idx_499983_party_pkey;
ALTER TABLE IF EXISTS ONLY public.district DROP CONSTRAINT IF EXISTS idx_499978_sqlite_autoindex_district_1;
DROP TABLE IF EXISTS public.party_votes;
DROP TABLE IF EXISTS public.party;
DROP TABLE IF EXISTS public.municipality;
DROP TABLE IF EXISTS public.independent;
DROP TABLE IF EXISTS public.district;
DROP TABLE IF EXISTS public.coalition_member;
DROP TABLE IF EXISTS public.coalition;
SET default_tablespace = '';
SET default_table_access_method = heap;

CREATE TABLE public.coalition (
    municipality_code text NOT NULL,
    shortname text NOT NULL,
    name text,
    votes bigint DEFAULT '0'::bigint
);

CREATE TABLE public.coalition_member (
    municipality_code text NOT NULL,
    coalition_shortname text NOT NULL,
    order_number bigint NOT NULL,
    party_id bigint
);

CREATE TABLE public.district (
    id smallint NOT NULL,
    name text,
    type text
);

CREATE TABLE public.independent (
    municipality_code text NOT NULL,
    shortname text NOT NULL,
    name text,
    votes bigint DEFAULT '0'::bigint
);

CREATE TABLE public.municipality (
    code text NOT NULL,
    name text,
    district bigint,
    mandates bigint,
    registered_voters bigint,
    valid_votes bigint,
    blank_votes bigint,
    null_votes bigint
);

CREATE TABLE public.party (
    id bigint NOT NULL,
    shortname text,
    name text
);

CREATE TABLE public.party_votes (
    municipality_code text NOT NULL,
    party_id bigint NOT NULL,
    votes bigint DEFAULT '0'::bigint
);

-- Data

INSERT INTO public.coalition (municipality_code, shortname, name, votes) VALUES ('010100', 'PPD/PSD.MPT', 'JUNTOS POR ÁGUEDA', '9991');
INSERT INTO public.coalition (municipality_code, shortname, name, votes) VALUES ('010400', 'PPD/PSD.CDS-PP.PPM.IL', 'AGORA OS AROUQUENSES', '5485');
INSERT INTO public.coalition (municipality_code, shortname, name, votes) VALUES ('010500', 'PPD/PSD.CDS-PP.PPM', 'ALIANÇA COM AVEIRO', '17550');
INSERT INTO public.coalition (municipality_code, shortname, name, votes) VALUES ('010500', 'PS.PAN', 'VIVA AVEIRO', '8901');
INSERT INTO public.coalition (municipality_code, shortname, name, votes) VALUES ('010800', 'PPD/PSD.CDS-PP', 'SEMPRE MAIS!', '6014');
INSERT INTO public.coalition (municipality_code, shortname, name, votes) VALUES ('011100', 'PPD/PSD.CDS-PP.IL.MPT.PPM', 'JUNTOS PELO CONCELHO DA MEALHADA', '1835');
INSERT INTO public.coalition (municipality_code, shortname, name, votes) VALUES ('011300', 'PPD/PSD.CDS-PP', 'PELAS PESSOAS', '10813');
INSERT INTO public.coalition (municipality_code, shortname, name, votes) VALUES ('011500', 'NC.PPM', 'Movimento 2030', '2054');
INSERT INTO public.coalition (municipality_code, shortname, name, votes) VALUES ('011600', 'PPD/PSD.CDS-PP.IL', 'A MELHOR CIDADE DO PAÍS', '3121');
INSERT INTO public.coalition (municipality_code, shortname, name, votes) VALUES ('020100', 'PPD/PSD.CDS-PP.PPM.A', 'POR ALJUSTREL, COM AMOR', '147');
INSERT INTO public.coalition (municipality_code, shortname, name, votes) VALUES ('020300', 'PPD/PSD.CDS-PP.A', 'UMA EQUIPA, UM NOVO RUMO', '156');
INSERT INTO public.coalition (municipality_code, shortname, name, votes) VALUES ('020400', 'PPD/PSD.CDS-PP', 'TEMPOS DE MUDANÇA', '155');
INSERT INTO public.coalition (municipality_code, shortname, name, votes) VALUES ('020500', 'PPD/PSD.CDS-PP.PPM.IL.A', 'CONSIGO BEJA CONSEGUE', '3000');
INSERT INTO public.coalition (municipality_code, shortname, name, votes) VALUES ('020700', 'PPD/PSD.CDS-PP.PPM', 'CONSIGO, CUBA CONSEGUE', '58');
INSERT INTO public.coalition (municipality_code, shortname, name, votes) VALUES ('020800', 'PPD/PSD.CDS-PP', 'JUNTOS POR FERREIRA DO ALENTEJO', '129');
INSERT INTO public.coalition (municipality_code, shortname, name, votes) VALUES ('020900', 'NC.RIR', 'UNIDOS POR MÉRTOLA E PELAS PESSOAS', '380');
INSERT INTO public.coalition (municipality_code, shortname, name, votes) VALUES ('021000', 'PPD/PSD.CDS-PP.A', 'CONSIGO, MOURA CONSEGUE', '262');
INSERT INTO public.coalition (municipality_code, shortname, name, votes) VALUES ('021100', 'PPD/PSD.CDS-PP', 'JUNTOS PARA CUMPRIR ODEMIRA', '756');
INSERT INTO public.coalition (municipality_code, shortname, name, votes) VALUES ('021300', 'PPD/PSD.CDS-PP', 'CONSIGO SERPA CONSEGUE', '320');
INSERT INTO public.coalition (municipality_code, shortname, name, votes) VALUES ('030100', 'PPD/PSD.CDS-PP', 'JUNTOS POR AMARES', '5793');
INSERT INTO public.coalition (municipality_code, shortname, name, votes) VALUES ('030200', 'PPD/PSD.CDS-PP', 'BARCELOS MAIS FUTURO', '33754');
INSERT INTO public.coalition (municipality_code, shortname, name, votes) VALUES ('030300', 'PPD/PSD.CDS-PP.PPM.A', 'JUNTOS POR BRAGA', '40625');
INSERT INTO public.coalition (municipality_code, shortname, name, votes) VALUES ('030400', 'PPD/PSD.CDS-PP', 'FAZER DIFERENTE', '3060');
INSERT INTO public.coalition (municipality_code, shortname, name, votes) VALUES ('030800', 'PPD/PSD.CDS-PP', 'JUNTOS POR GUIMARÃES', '31073');
INSERT INTO public.coalition (municipality_code, shortname, name, votes) VALUES ('031200', 'PPD/PSD.CDS-PP', 'MAIS AÇÃO, MAIS FAMALICÃO', '40127');
INSERT INTO public.coalition (municipality_code, shortname, name, votes) VALUES ('031400', 'PPD/PSD.CDS-PP', 'VIZELA É PARA TODOS', '2453');
INSERT INTO public.coalition (municipality_code, shortname, name, votes) VALUES ('040100', 'PPD/PSD.CDS-PP', 'ACREDITAR EM ALFÂNDEGA DA FÉ', '1682');
INSERT INTO public.coalition (municipality_code, shortname, name, votes) VALUES ('040500', 'PPD/PSD.CDS-PP', 'UM NOVO RUMO, UM NOVO CAMINHO', '4199');
INSERT INTO public.coalition (municipality_code, shortname, name, votes) VALUES ('040600', 'PPD/PSD.CDS-PP', 'TEMPO DE ACREDITAR', '2892');
INSERT INTO public.coalition (municipality_code, shortname, name, votes) VALUES ('040900', 'NC.A', 'MOVIMENTO DE MONCORVENSES', '98');
INSERT INTO public.coalition (municipality_code, shortname, name, votes) VALUES ('040900', 'PPD/PSD.CDS-PP', 'POR MONCORVO CONTINUAMOS', '2884');
INSERT INTO public.coalition (municipality_code, shortname, name, votes) VALUES ('041000', 'PPD/PSD.CDS-PP', 'ACREDITAR', '2491');
INSERT INTO public.coalition (municipality_code, shortname, name, votes) VALUES ('041200', 'PPD/PSD.CDS-PP', 'VOLTAR A ACREDITAR', '3011');
INSERT INTO public.coalition (municipality_code, shortname, name, votes) VALUES ('050200', 'PPD/PSD.CDS-PP.PPM', 'PSD/CDS/PPM', '3132');
INSERT INTO public.coalition (municipality_code, shortname, name, votes) VALUES ('050300', 'CDS-PP.PPD/PSD.IL', 'COVILHÃ - JUNTOS FAZEMOS MELHOR', '7828');
INSERT INTO public.coalition (municipality_code, shortname, name, votes) VALUES ('050300', 'MPT.PPM.A', 'COVILHÃ TEM FORÇA', '1646');
INSERT INTO public.coalition (municipality_code, shortname, name, votes) VALUES ('050800', 'PPD/PSD.CDS-PP', 'PROENÇA COM FUTURO', '1187');
INSERT INTO public.coalition (municipality_code, shortname, name, votes) VALUES ('051100', 'PPD/PSD.CDS-PP', 'NOVO RUMO', '341');
INSERT INTO public.coalition (municipality_code, shortname, name, votes) VALUES ('060300', 'PDR.MPT', 'COIMBRA É CAPITAL', '144');
INSERT INTO public.coalition (municipality_code, shortname, name, votes) VALUES ('060300', 'PPD/PSD.CDS-PP.NC.PPM.A.RIR.VP', 'JUNTOS SOMOS COIMBRA', '29351');
INSERT INTO public.coalition (municipality_code, shortname, name, votes) VALUES ('060900', 'PPD/PSD.PPM', 'JUNTOS POR MIRANDA', '2677');
INSERT INTO public.coalition (municipality_code, shortname, name, votes) VALUES ('061000', 'PPD/PSD.CDS-PP', 'UNIR PELA MUDANÇA', '4370');
INSERT INTO public.coalition (municipality_code, shortname, name, votes) VALUES ('061100', 'PPD/PSD.CDS-PP', 'UNIDOS PARA CONSTRUIR O FUTURO', '4024');
INSERT INTO public.coalition (municipality_code, shortname, name, votes) VALUES ('061600', 'PPD/PSD.CDS-PP', 'CORAGEM PARA MUDAR', '2925');
INSERT INTO public.coalition (municipality_code, shortname, name, votes) VALUES ('070200', 'PPD/PSD.CDS-PP', 'ARRAIOLOS NO PONTO CERTO', '348');
INSERT INTO public.coalition (municipality_code, shortname, name, votes) VALUES ('070400', 'MPT.A.RIR', 'NOVA ESPERANÇA PARA ESTREMOZ', '138');
INSERT INTO public.coalition (municipality_code, shortname, name, votes) VALUES ('070400', 'PPD/PSD.CDS-PP.PPM', 'ESTREMOZ COM FUTURO', '617');
INSERT INTO public.coalition (municipality_code, shortname, name, votes) VALUES ('070600', 'CDS-PP.PPD/PSD', 'JUNTOS PARA FAZER DIFERENTE', '1544');
INSERT INTO public.coalition (municipality_code, shortname, name, votes) VALUES ('070700', 'CDS-PP.PPD/PSD.PPM', 'Por Mora', '104');
INSERT INTO public.coalition (municipality_code, shortname, name, votes) VALUES ('070800', 'PPD/PSD.CDS-PP', 'NOVOS TEMPOS, NOVAS SOLUÇÕES', '743');
INSERT INTO public.coalition (municipality_code, shortname, name, votes) VALUES ('071000', 'PPD/PSD.CDS-PP', 'UMA NOVA ATITUDE', '1527');
INSERT INTO public.coalition (municipality_code, shortname, name, votes) VALUES ('071400', 'PPD/PSD.CDS-PP.MPT.PPM', 'MOVIMENTO POR VILA VIÇOSA', '2216');
INSERT INTO public.coalition (municipality_code, shortname, name, votes) VALUES ('080100', 'PPD/PSD.CDS-PP.MPT.PPM', 'COLIGAÇÃO SER ALBUFEIRA', '4951');
INSERT INTO public.coalition (municipality_code, shortname, name, votes) VALUES ('080700', 'NC.A', 'LAGOS COM FUTURO', '783');
INSERT INTO public.coalition (municipality_code, shortname, name, votes) VALUES ('080800', 'PPD/PSD.CDS-PP.MPT.PPM', 'MAIS E MELHOR PELA NOSSA TERRA', '5540');
INSERT INTO public.coalition (municipality_code, shortname, name, votes) VALUES ('081000', 'PPD/PSD.MPT.PPM.A', 'OLHÃO PARA TODOS', '3340');
INSERT INTO public.coalition (municipality_code, shortname, name, votes) VALUES ('081100', 'CDS-PP.NC.A', 'PORTIMÃO MAIS FELIZ', '2813');
INSERT INTO public.coalition (municipality_code, shortname, name, votes) VALUES ('081100', 'PPD/PSD.MPT.PPM', 'UM NOVO PORTIMÃO', '3788');
INSERT INTO public.coalition (municipality_code, shortname, name, votes) VALUES ('081300', 'CDS-PP.PPM.A', 'JUNTOS POR SILVES', '273');
INSERT INTO public.coalition (municipality_code, shortname, name, votes) VALUES ('081500', 'PPD/PSD.CDS-PP.MPT.PPM', 'A NOSSA TERRA EM BOAS MÃOS', '630');
INSERT INTO public.coalition (municipality_code, shortname, name, votes) VALUES ('090500', 'PPD/PSD.CDS-PP', 'TODOS POR FORNOS, FORNOS PARA TODOS', '1104');
INSERT INTO public.coalition (municipality_code, shortname, name, votes) VALUES ('090900', 'PPD/PSD.CDS-PP', 'JUNTOS PELA MÊDA', '1717');
INSERT INTO public.coalition (municipality_code, shortname, name, votes) VALUES ('091300', 'PPD/PSD.CDS-PP', 'SIM, É POSSÍVEL', '1898');
INSERT INTO public.coalition (municipality_code, shortname, name, votes) VALUES ('100600', 'CDS-PP.MPT.PPM.NC', 'CALDAS MAIS RAINHA', '610');
INSERT INTO public.coalition (municipality_code, shortname, name, votes) VALUES ('100700', 'PPD/PSD.CDS-PP', 'POR CASTANHEIRA, RENOVAÇÃO, UNIÃO E FUTURO', '698');
INSERT INTO public.coalition (municipality_code, shortname, name, votes) VALUES ('100900', 'CDS-PP.MPT', 'LEIRIA PODE MAIS', '2560');
INSERT INTO public.coalition (municipality_code, shortname, name, votes) VALUES ('101200', 'MPT.PDR', 'O NOSSO PARTIDO É ÓBIDOS', '75');
INSERT INTO public.coalition (municipality_code, shortname, name, votes) VALUES ('110100', 'CDS-PP.NC.MPT.A.PPM', 'FAZER CUMPRIR ALENQUER', '1162');
INSERT INTO public.coalition (municipality_code, shortname, name, votes) VALUES ('110200', 'PPD/PSD.CDS-PP', 'ARRUDA, AGORA!', '1502');
INSERT INTO public.coalition (municipality_code, shortname, name, votes) VALUES ('110300', 'PPD/PSD.CDS-PP.MPT.PPM', 'SEMPRE AO SEU LADO', '2376');
INSERT INTO public.coalition (municipality_code, shortname, name, votes) VALUES ('110500', 'NC.PPM', 'SALVAR CASCAIS', '1471');
INSERT INTO public.coalition (municipality_code, shortname, name, votes) VALUES ('110500', 'PPD/PSD.CDS-PP', 'COLIGAÇÃO VIVA CASCAIS', '41963');
INSERT INTO public.coalition (municipality_code, shortname, name, votes) VALUES ('110500', 'PS.PAN.L', 'Todos por Cascais', '17265');
INSERT INTO public.coalition (municipality_code, shortname, name, votes) VALUES ('110600', 'PPD/PSD.CDS-PP.A.MPT.PPM', 'NOVOS TEMPOS LISBOA', '83185');
INSERT INTO public.coalition (municipality_code, shortname, name, votes) VALUES ('110600', 'PS.L', 'MAIS LISBOA', '80907');
INSERT INTO public.coalition (municipality_code, shortname, name, votes) VALUES ('110800', 'PPD/PSD.CDS-PP', 'LOURINHÃ SOMOS NÓS', '4427');
INSERT INTO public.coalition (municipality_code, shortname, name, votes) VALUES ('111000', 'A.PDR', 'VIVER AINDA MELHOR OEIRAS', '457');
INSERT INTO public.coalition (municipality_code, shortname, name, votes) VALUES ('111000', 'BE.L.VP', 'Coligação Evoluir Oeiras', '5498');
INSERT INTO public.coalition (municipality_code, shortname, name, votes) VALUES ('111000', 'PPD/PSD.MPT', 'A DAR TUDO POR OEIRAS', '5971');
INSERT INTO public.coalition (municipality_code, shortname, name, votes) VALUES ('111100', 'PPD/PSD.CDS-PP.A.MPT.PDR.PPM.RIR', 'COLIGAÇÃO VAMOS CURAR SINTRA', '35698');
INSERT INTO public.coalition (municipality_code, shortname, name, votes) VALUES ('111200', 'PPD/PSD.CDS-PP', 'JUNTOS PELA NOSSA TERRA', '1189');
INSERT INTO public.coalition (municipality_code, shortname, name, votes) VALUES ('111300', 'PPD/PSD.CDS-PP.PPM', 'AFIRMAR TORRES VEDRAS', '6973');
INSERT INTO public.coalition (municipality_code, shortname, name, votes) VALUES ('111600', 'PPD/PSD.CDS-PP.A.MPT.PDR.PPM.RIR', 'ODIVELAS: A MUDANÇA É AGORA!', '11094');
INSERT INTO public.coalition (municipality_code, shortname, name, votes) VALUES ('120100', 'PPD/PSD.CDS-PP', 'FAZEMOS MELHOR', '856');
INSERT INTO public.coalition (municipality_code, shortname, name, votes) VALUES ('120700', 'PPD/PSD.CDS-PP', 'ELVAS SOMOS NÓS', '1431');
INSERT INTO public.coalition (municipality_code, shortname, name, votes) VALUES ('121000', 'PPD/PSD.CDS-PP', 'MARVÃO À FRENTE', '989');
INSERT INTO public.coalition (municipality_code, shortname, name, votes) VALUES ('121400', 'PPD/PSD.CDS-PP', 'POR PORTALEGRE', '4993');
INSERT INTO public.coalition (municipality_code, shortname, name, votes) VALUES ('130200', 'PPD/PSD.CDS-PP', 'COM DETERMINAÇÃO POR BAIÃO', '3692');
INSERT INTO public.coalition (municipality_code, shortname, name, votes) VALUES ('130300', 'L.PS', 'SIM ACREDITA', '22083');
INSERT INTO public.coalition (municipality_code, shortname, name, votes) VALUES ('130300', 'PPD/PSD.PPM', '«JUNTOS POR FELGUEIRAS»', '7062');
INSERT INTO public.coalition (municipality_code, shortname, name, votes) VALUES ('130500', 'PPD/PSD.CDS-PP', 'ACREDITAR LOUSADA', '9573');
INSERT INTO public.coalition (municipality_code, shortname, name, votes) VALUES ('130600', 'PPD/PSD.CDS-PP', 'MAIA EM PRIMEIRO', '24732');
INSERT INTO public.coalition (municipality_code, shortname, name, votes) VALUES ('130800', 'PPD/PSD.CDS-PP', 'MATOSINHOS O FUTURO É AGORA', '12013');
INSERT INTO public.coalition (municipality_code, shortname, name, votes) VALUES ('131000', 'NC.A', 'Juntos por Paredes', '1325');
INSERT INTO public.coalition (municipality_code, shortname, name, votes) VALUES ('131000', 'PPD/PSD.CDS-PP', 'PRIMEIRO AS PESSOAS', '12663');
INSERT INTO public.coalition (municipality_code, shortname, name, votes) VALUES ('131100', 'PPD/PSD.CDS-PP', 'PENAFIEL QUER', '26422');
INSERT INTO public.coalition (municipality_code, shortname, name, votes) VALUES ('131100', 'PS.RIR', 'PENAFIEL UNIDO', '13506');
INSERT INTO public.coalition (municipality_code, shortname, name, votes) VALUES ('131400', 'NC.PPM', 'PRÁ FRENTE SANTO TIRSO', '562');
INSERT INTO public.coalition (municipality_code, shortname, name, votes) VALUES ('131400', 'PPD/PSD.CDS-PP', 'VALORIZAR MAIS', '6613');
INSERT INTO public.coalition (municipality_code, shortname, name, votes) VALUES ('131500', 'PPD/PSD.CDS-PP', 'UNIDOS POR TODOS', '9731');
INSERT INTO public.coalition (municipality_code, shortname, name, votes) VALUES ('131700', 'MPT.PDR', 'Movimento Por Gaia', '606');
INSERT INTO public.coalition (municipality_code, shortname, name, votes) VALUES ('131700', 'PPD/PSD.CDS-PP.PPM', 'ALIANÇA DEMOCRÁTICA', '22409');
INSERT INTO public.coalition (municipality_code, shortname, name, votes) VALUES ('131800', 'PPD/PSD.CDS-PP', 'UNIDOS PELA TROFA', '11897');
INSERT INTO public.coalition (municipality_code, shortname, name, votes) VALUES ('140200', 'PPD/PSD.CDS-PP.MPT', 'CIDADÃOS POR ALCANENA - CONCELHO COM FUTURO', '3150');
INSERT INTO public.coalition (municipality_code, shortname, name, votes) VALUES ('140300', 'PPD/PSD.CDS-PP', 'PREPARAR O FUTURO', '741');
INSERT INTO public.coalition (municipality_code, shortname, name, votes) VALUES ('140400', 'PPD/PSD.MPT', 'TPA – TODOS POR ALPIARÇA', '348');
INSERT INTO public.coalition (municipality_code, shortname, name, votes) VALUES ('141400', 'PPD/PSD.CDS-PP', 'JUNTOS PELO FUTURO', '5674');
INSERT INTO public.coalition (municipality_code, shortname, name, votes) VALUES ('141500', 'PPD/PSD.CDS-PP', 'CORAGEM E ESPERANÇA', '773');
INSERT INTO public.coalition (municipality_code, shortname, name, votes) VALUES ('141800', 'CDS-PP.MPT.PPM', 'TOMAR QUEREMOS RESPONDER', '572');
INSERT INTO public.coalition (municipality_code, shortname, name, votes) VALUES ('141900', 'PPD/PSD.CDS-PP', 'AFIRMAR TORRES NOVAS', '2938');
INSERT INTO public.coalition (municipality_code, shortname, name, votes) VALUES ('142100', 'PPD/PSD.CDS-PP', 'OURÉM SEMPRE', '13854');
INSERT INTO public.coalition (municipality_code, shortname, name, votes) VALUES ('150100', 'PPD/PSD.CDS-PP.MPT.PPM.A', 'TODOS JUNTOS PARA QUE ALCÁCER GANHE', '175');
INSERT INTO public.coalition (municipality_code, shortname, name, votes) VALUES ('150300', 'PPD/PSD.CDS-PP.A.MPT.PPM', 'AD - ALMADA DESENVOLVIDA', '7574');
INSERT INTO public.coalition (municipality_code, shortname, name, votes) VALUES ('150500', 'PPD/PSD.CDS-PP', '+ POR GRÂNDOLA', '466');
INSERT INTO public.coalition (municipality_code, shortname, name, votes) VALUES ('150600', 'PPD/PSD.CDS-PP.MPT.PPM.A.PDR', 'MERECEMOS MAIS', '1626');
INSERT INTO public.coalition (municipality_code, shortname, name, votes) VALUES ('150700', 'PPD/PSD.CDS-PP.A', 'O MONTIJO CONTA COMIGO', '5547');
INSERT INTO public.coalition (municipality_code, shortname, name, votes) VALUES ('150800', 'CDS-PP.MPT', 'MUDAR POR MIM, MUDAR POR TODOS', '636');
INSERT INTO public.coalition (municipality_code, shortname, name, votes) VALUES ('150900', 'PPD/PSD.CDS-PP', 'SANTIAGO DO CACÉM MAIS', '1928');
INSERT INTO public.coalition (municipality_code, shortname, name, votes) VALUES ('151000', 'CDS-PP.PDR.A.MPT', 'SEIXAL ÀS DIREITAS', '909');
INSERT INTO public.coalition (municipality_code, shortname, name, votes) VALUES ('151100', 'CDS-PP.A.PDR', 'SESIMBRA PRIMEIRO', '543');
INSERT INTO public.coalition (municipality_code, shortname, name, votes) VALUES ('151200', 'NC.PPM', 'AMAR SETÚBAL', '325');
INSERT INTO public.coalition (municipality_code, shortname, name, votes) VALUES ('151200', 'RIR.PDR', 'Todos somos Setúbal', '235');
INSERT INTO public.coalition (municipality_code, shortname, name, votes) VALUES ('151300', 'PPD/PSD.CDS-PP', 'ENTRA NA ONDA', '202');
INSERT INTO public.coalition (municipality_code, shortname, name, votes) VALUES ('160200', 'PPD/PSD.CDS-PP.A.PPM', 'O CONCELHO EM PRIMEIRO', '4119');
INSERT INTO public.coalition (municipality_code, shortname, name, votes) VALUES ('160500', 'PPD/PSD.CDS-PP', 'SE ACREDITARMOS PODE ACONTECER', '1055');
INSERT INTO public.coalition (municipality_code, shortname, name, votes) VALUES ('160900', 'PPD/PSD.CDS-PP', 'É AGORA VIANA!', '11448');
INSERT INTO public.coalition (municipality_code, shortname, name, votes) VALUES ('170100', 'PPD/PSD.CDS-PP', 'AFIRMAR A NOSSA TERRA', '4441');
INSERT INTO public.coalition (municipality_code, shortname, name, votes) VALUES ('170300', 'PPD/PSD.CDS-PP', 'CHAVES PRIMEIRO', '8674');
INSERT INTO public.coalition (municipality_code, shortname, name, votes) VALUES ('170400', 'PPD/PSD.CDS-PP', 'UNIDOS POR MESÃO FRIO', '366');
INSERT INTO public.coalition (municipality_code, shortname, name, votes) VALUES ('170600', 'PPD/PSD.CDS-PP', 'TODOS POR BARROSO', '3167');
INSERT INTO public.coalition (municipality_code, shortname, name, votes) VALUES ('170900', 'PPD/PSD.CDS-PP', 'JUNTOS POR TODOS', '2210');
INSERT INTO public.coalition (municipality_code, shortname, name, votes) VALUES ('171100', 'PPD/PSD.CDS-PP', 'ALIANÇA DEMOCRÁTICA PSD/CDS', '1611');
INSERT INTO public.coalition (municipality_code, shortname, name, votes) VALUES ('171400', 'PPD/PSD.CDS-PP.A', 'VILA REAL À FRENTE', '8578');
INSERT INTO public.coalition (municipality_code, shortname, name, votes) VALUES ('180100', 'PPD/PSD.CDS-PP', 'PRIMEIRO ARMAMAR', '2211');
INSERT INTO public.coalition (municipality_code, shortname, name, votes) VALUES ('180300', 'PPD/PSD.CDS-PP', 'PSD CDS PELA NOSSA TERRA', '5859');
INSERT INTO public.coalition (municipality_code, shortname, name, votes) VALUES ('180400', 'PPD/PSD.CDS-PP.PPM', 'Coligação Viva Cinfães', '3547');
INSERT INTO public.coalition (municipality_code, shortname, name, votes) VALUES ('180500', 'PPD/PSD.CDS-PP', 'SOMOS LAMEGO', '6936');
INSERT INTO public.coalition (municipality_code, shortname, name, votes) VALUES ('180600', 'PPD/PSD.CDS-PP', 'JUNTOS POR MANGUALDE', '2703');
INSERT INTO public.coalition (municipality_code, shortname, name, votes) VALUES ('180700', 'PPD/PSD.CDS-PP', 'ABRAÇAR A MUDANÇA', '2447');
INSERT INTO public.coalition (municipality_code, shortname, name, votes) VALUES ('180900', 'PPD/PSD.CDS-PP', 'MUDAR, ESTÁ NAS MÃOS DE TODOS', '4006');
INSERT INTO public.coalition (municipality_code, shortname, name, votes) VALUES ('181000', 'PPD/PSD.CDS-PP', 'TODOS POR OLIVEIRA DE FRADES', '2741');
INSERT INTO public.coalition (municipality_code, shortname, name, votes) VALUES ('181100', 'PPD/PSD.CDS-PP', 'MUDAR PENALVA', '1894');
INSERT INTO public.coalition (municipality_code, shortname, name, votes) VALUES ('181400', 'PPD/PSD.CDS-PP', 'CORAGEM PARA MUDAR', '2488');
INSERT INTO public.coalition (municipality_code, shortname, name, votes) VALUES ('181500', 'PPD/PSD.CDS-PP', 'CONNOSCO TODOS CONTAM!', '1612');
INSERT INTO public.coalition (municipality_code, shortname, name, votes) VALUES ('181900', 'PPD/PSD.CDS-PP', 'POR TABUAÇO, TODOS', '2318');
INSERT INTO public.coalition (municipality_code, shortname, name, votes) VALUES ('310200', 'PDR.MPT.A', '"COLIGAÇÃO VOZ CÂMARA DE LOBOS"', '92');
INSERT INTO public.coalition (municipality_code, shortname, name, votes) VALUES ('310300', 'PPD/PSD.CDS-PP', 'FUNCHAL SEMPRE À FRENTE', '26835');
INSERT INTO public.coalition (municipality_code, shortname, name, votes) VALUES ('310300', 'PS.BE.PAN.MPT.PDR', 'Confiança', '22723');
INSERT INTO public.coalition (municipality_code, shortname, name, votes) VALUES ('310400', 'PPD/PSD.CDS-PP', 'JUNTOS SOMOS MACHICO', '4087');
INSERT INTO public.coalition (municipality_code, shortname, name, votes) VALUES ('310500', 'PPD/PSD.CDS-PP', 'SEMPRE PELA PONTA DO SOL', '2082');
INSERT INTO public.coalition (municipality_code, shortname, name, votes) VALUES ('310600', 'PPD/PSD.CDS-PP', 'MAIS PARA O PORTO MONIZ', '876');
INSERT INTO public.coalition (municipality_code, shortname, name, votes) VALUES ('310800', 'PDR.MPT.A', 'COLIGAÇÃO VOZ SANTA CRUZ', '144');
INSERT INTO public.coalition (municipality_code, shortname, name, votes) VALUES ('310800', 'PPD/PSD.CDS-PP', 'CUMPRIR SANTA CRUZ', '6172');
INSERT INTO public.coalition (municipality_code, shortname, name, votes) VALUES ('311000', 'PPD/PSD.CDS-PP', 'UNIDOS POR SÃO VICENTE', '2343');
INSERT INTO public.coalition (municipality_code, shortname, name, votes) VALUES ('320100', 'PPD/PSD.CDS-PP', 'ACREDITA PORTO SANTO', '1843');
INSERT INTO public.coalition (municipality_code, shortname, name, votes) VALUES ('420100', 'PPD/PSD.CDS-PP.PPM', 'LAGOA UNIDA', '1878');
INSERT INTO public.coalition (municipality_code, shortname, name, votes) VALUES ('430100', 'PPD/PSD.CDS-PP.PPM', 'PELA NOSSA TERRA', '7019');
INSERT INTO public.coalition (municipality_code, shortname, name, votes) VALUES ('430200', 'PPD/PSD.CDS-PP', 'POR AMOR À PRAIA', '4668');
INSERT INTO public.coalition (municipality_code, shortname, name, votes) VALUES ('440100', 'PPD/PSD.CDS-PP.PPM', 'SOMOS TODOS GRACIOSA', '1595');
INSERT INTO public.coalition (municipality_code, shortname, name, votes) VALUES ('460100', 'PPD/PSD.CDS-PP.PPM', 'UNIDOS PELO CONCELHO', '1213');
INSERT INTO public.coalition (municipality_code, shortname, name, votes) VALUES ('470100', 'PPD/PSD.CDS-PP.PPM', 'JUNTOS PELO FAIAL', '4033');
INSERT INTO public.coalition (municipality_code, shortname, name, votes) VALUES ('480100', 'PPD/PSD.CDS-PP.PPM', 'UNIDOS COM CONFIANÇA', '467');
INSERT INTO public.coalition (municipality_code, shortname, name, votes) VALUES ('480200', 'PPD/PSD.PPM.CDS-PP', 'UNIDOS COM CONFIANÇA', '453');
INSERT INTO public.coalition (municipality_code, shortname, name, votes) VALUES ('490100', 'CDS-PP.PPD/PSD.PPM', 'UNIDOS PELO CORVO', '97');
INSERT INTO public.coalition (municipality_code, shortname, name, votes) VALUES ('060700', 'PPD/PSD.CDS-PP', 'É HORA DE MUDAR', '2708');
INSERT INTO public.coalition (municipality_code, shortname, name, votes) VALUES ('070100', 'PPD/PSD.CDS-PP', 'FAZER DIFERENTE UNIR O ALANDROAL', '223');
INSERT INTO public.coalition (municipality_code, shortname, name, votes) VALUES ('070500', 'NC.RIR', NULL, '2976');
INSERT INTO public.coalition (municipality_code, shortname, name, votes) VALUES ('070500', 'PPD/PSD.CDS-PP.MPT.PPM', NULL, '4453');
INSERT INTO public.coalition (municipality_code, shortname, name, votes) VALUES ('071200', 'PPD/PSD.CDS-PP', NULL, '2020');
INSERT INTO public.coalition (municipality_code, shortname, name, votes) VALUES ('071300', 'PPD/PSD.CDS-PP.MPT.PPM', NULL, '794');
INSERT INTO public.coalition (municipality_code, shortname, name, votes) VALUES ('080500', 'PPD/PSD.CDS-PP.IL.MPT.PPM', NULL, '12195');
INSERT INTO public.coalition (municipality_code, shortname, name, votes) VALUES ('111400', 'PPD/PSD.CDS-PP.MPT.PPM', NULL, '7687');
INSERT INTO public.coalition (municipality_code, shortname, name, votes) VALUES ('111500', 'PPD/PSD.CDS-PP.A.MPT.PDR', NULL, '15230');
INSERT INTO public.coalition (municipality_code, shortname, name, votes) VALUES ('111500', 'PPM.RIR', NULL, '379');
INSERT INTO public.coalition (municipality_code, shortname, name, votes) VALUES ('121300', 'PPD/PSD.CDS-PP', NULL, '447');
INSERT INTO public.coalition (municipality_code, shortname, name, votes) VALUES ('130400', 'PPD/PSD.CDS-PP', NULL, '15394');
INSERT INTO public.coalition (municipality_code, shortname, name, votes) VALUES ('130700', 'PPD/PSD.CDS-PP', NULL, '10346');
INSERT INTO public.coalition (municipality_code, shortname, name, votes) VALUES ('140700', 'PPD/PSD.CDS-PP', NULL, '894');


INSERT INTO public.district (id, name, type) VALUES (1, 'Aveiro', 'District');
INSERT INTO public.district (id, name, type) VALUES (2, 'Beja', 'District');
INSERT INTO public.district (id, name, type) VALUES (3, 'Braga', 'District');
INSERT INTO public.district (id, name, type) VALUES (4, 'Bragança', 'District');
INSERT INTO public.district (id, name, type) VALUES (5, 'Castelo Branco', 'District');
INSERT INTO public.district (id, name, type) VALUES (6, 'Coimbra', 'District');
INSERT INTO public.district (id, name, type) VALUES (7, 'Évora', 'District');
INSERT INTO public.district (id, name, type) VALUES (8, 'Faro', 'District');
INSERT INTO public.district (id, name, type) VALUES (9, 'Guarda', 'District');
INSERT INTO public.district (id, name, type) VALUES (10, 'Leiria', 'District');
INSERT INTO public.district (id, name, type) VALUES (11, 'Lisboa', 'District');
INSERT INTO public.district (id, name, type) VALUES (12, 'Portalegre', 'District');
INSERT INTO public.district (id, name, type) VALUES (13, 'Porto', 'District');
INSERT INTO public.district (id, name, type) VALUES (14, 'Santarém', 'District');
INSERT INTO public.district (id, name, type) VALUES (15, 'Setúbal', 'District');
INSERT INTO public.district (id, name, type) VALUES (16, 'Viana do Castelo', 'District');
INSERT INTO public.district (id, name, type) VALUES (17, 'Vila Real', 'District');
INSERT INTO public.district (id, name, type) VALUES (18, 'Viseu', 'District');
INSERT INTO public.district (id, name, type) VALUES (19, 'Madeira', 'Autonomous Region');
INSERT INTO public.district (id, name, type) VALUES (20, 'Açores', 'Autonomous Region');

INSERT INTO public.party (id, shortname, name) VALUES (1, 'A', 'Aliança');
INSERT INTO public.party (id, shortname, name) VALUES (2, 'BE', 'Bloco de Esquerda');
INSERT INTO public.party (id, shortname, name) VALUES (3, 'CDS-PP', 'CDS – Partido Popular');
INSERT INTO public.party (id, shortname, name) VALUES (4, 'CH', 'Chega');
INSERT INTO public.party (id, shortname, name) VALUES (5, 'E', 'Ergue-te');
INSERT INTO public.party (id, shortname, name) VALUES (6, 'IL', 'Iniciativa Liberal');
INSERT INTO public.party (id, shortname, name) VALUES (7, 'JPP', 'Juntos Pelo Povo');
INSERT INTO public.party (id, shortname, name) VALUES (8, 'L', 'LIVRE');
INSERT INTO public.party (id, shortname, name) VALUES (9, 'MAS', 'Movimento Alternativa Socialista');
INSERT INTO public.party (id, shortname, name) VALUES (10, 'MPT', 'Partido da Terra');
INSERT INTO public.party (id, shortname, name) VALUES (11, 'NC', 'Nós, Cidadãos!');
INSERT INTO public.party (id, shortname, name) VALUES (12, 'PAN', 'Pessoas-Animais-Natureza');
INSERT INTO public.party (id, shortname, name) VALUES (13, 'PCTP/MRPP', 'Partido Comunista dos Trabalhadores Portugueses (PCTP/MRPP)');
INSERT INTO public.party (id, shortname, name) VALUES (14, 'PDR', 'Partido Democrático Republicano');
INSERT INTO public.party (id, shortname, name) VALUES (15, 'PPD/PSD', 'Partido Social Democrata');
INSERT INTO public.party (id, shortname, name) VALUES (16, 'PPM', 'Partido Popular Monárquico');
INSERT INTO public.party (id, shortname, name) VALUES (17, 'PS', 'Partido Socialista');
INSERT INTO public.party (id, shortname, name) VALUES (18, 'PTP', 'Partido Trabalhista Português');
INSERT INTO public.party (id, shortname, name) VALUES (19, 'RIR', 'Reagir, Incluir, Reciclar');
INSERT INTO public.party (id, shortname, name) VALUES (20, 'VP', 'Volt Portugal');
INSERT INTO public.party (id, shortname, name) VALUES (21, 'PCP-PEV', 'CDU - Coligação Democrática Unitária (PCP-PEV)');

INSERT INTO public.municipality (code, name, district, mandates, registered_voters, valid_votes, blank_votes, null_votes) VALUES ('010100', 'ÁGUEDA', 1, 7, 42315, 21140, 754, 422);
INSERT INTO public.municipality (code, name, district, mandates, registered_voters, valid_votes, blank_votes, null_votes) VALUES ('010200', 'ALBERGARIA-A-VELHA', 1, 7, 22442, 12759, 377, 217);
INSERT INTO public.municipality (code, name, district, mandates, registered_voters, valid_votes, blank_votes, null_votes) VALUES ('010300', 'ANADIA', 1, 7, 26075, 13088, 424, 232);
INSERT INTO public.municipality (code, name, district, mandates, registered_voters, valid_votes, blank_votes, null_votes) VALUES ('010400', 'AROUCA', 1, 7, 19222, 12960, 255, 184);
INSERT INTO public.municipality (code, name, district, mandates, registered_voters, valid_votes, blank_votes, null_votes) VALUES ('010500', 'AVEIRO', 1, 9, 70534, 32409, 1235, 594);
INSERT INTO public.municipality (code, name, district, mandates, registered_voters, valid_votes, blank_votes, null_votes) VALUES ('010600', 'CASTELO DE PAIVA', 1, 7, 14041, 10635, 99, 192);
INSERT INTO public.municipality (code, name, district, mandates, registered_voters, valid_votes, blank_votes, null_votes) VALUES ('010700', 'ESPINHO', 1, 7, 29730, 15596, 541, 313);
INSERT INTO public.municipality (code, name, district, mandates, registered_voters, valid_votes, blank_votes, null_votes) VALUES ('010800', 'ESTARREJA', 1, 7, 23945, 10917, 317, 266);
INSERT INTO public.municipality (code, name, district, mandates, registered_voters, valid_votes, blank_votes, null_votes) VALUES ('010900', 'FEIRA', 1, 11, 125645, 66611, 2111, 1168);
INSERT INTO public.municipality (code, name, district, mandates, registered_voters, valid_votes, blank_votes, null_votes) VALUES ('011000', 'ÍLHAVO', 1, 7, 35973, 15657, 485, 207);
INSERT INTO public.municipality (code, name, district, mandates, registered_voters, valid_votes, blank_votes, null_votes) VALUES ('011100', 'MEALHADA', 1, 7, 17933, 9129, 296, 133);
INSERT INTO public.municipality (code, name, district, mandates, registered_voters, valid_votes, blank_votes, null_votes) VALUES ('011200', 'MURTOSA', 1, 5, 9916, 4513, 88, 88);
INSERT INTO public.municipality (code, name, district, mandates, registered_voters, valid_votes, blank_votes, null_votes) VALUES ('011300', 'OLIVEIRA DE AZEMÉIS', 1, 9, 60365, 30913, 866, 535);
INSERT INTO public.municipality (code, name, district, mandates, registered_voters, valid_votes, blank_votes, null_votes) VALUES ('011400', 'OLIVEIRA DO BAIRRO', 1, 7, 20864, 10431, 306, 198);
INSERT INTO public.municipality (code, name, district, mandates, registered_voters, valid_votes, blank_votes, null_votes) VALUES ('011500', 'OVAR', 1, 9, 50703, 25659, 753, 544);
INSERT INTO public.municipality (code, name, district, mandates, registered_voters, valid_votes, blank_votes, null_votes) VALUES ('011600', 'SÃO JOÃO DA MADEIRA', 1, 7, 19801, 9329, 269, 110);
INSERT INTO public.municipality (code, name, district, mandates, registered_voters, valid_votes, blank_votes, null_votes) VALUES ('011700', 'SEVER DO VOUGA', 1, 7, 10586, 7111, 141, 130);
INSERT INTO public.municipality (code, name, district, mandates, registered_voters, valid_votes, blank_votes, null_votes) VALUES ('011800', 'VAGOS', 1, 7, 21958, 11157, 288, 216);
INSERT INTO public.municipality (code, name, district, mandates, registered_voters, valid_votes, blank_votes, null_votes) VALUES ('011900', 'VALE DE CAMBRA', 1, 7, 20218, 12388, 262, 272);
INSERT INTO public.municipality (code, name, district, mandates, registered_voters, valid_votes, blank_votes, null_votes) VALUES ('020100', 'ALJUSTREL', 2, 5, 7930, 5325, 60, 67);
INSERT INTO public.municipality (code, name, district, mandates, registered_voters, valid_votes, blank_votes, null_votes) VALUES ('020200', 'ALMODÔVAR', 2, 5, 6167, 4289, 69, 80);
INSERT INTO public.municipality (code, name, district, mandates, registered_voters, valid_votes, blank_votes, null_votes) VALUES ('020300', 'ALVITO', 2, 5, 1908, 1268, 22, 35);
INSERT INTO public.municipality (code, name, district, mandates, registered_voters, valid_votes, blank_votes, null_votes) VALUES ('020400', 'BARRANCOS', 2, 5, 1310, 968, 20, 12);
INSERT INTO public.municipality (code, name, district, mandates, registered_voters, valid_votes, blank_votes, null_votes) VALUES ('020500', 'BEJA', 2, 7, 28777, 15807, 230, 152);
INSERT INTO public.municipality (code, name, district, mandates, registered_voters, valid_votes, blank_votes, null_votes) VALUES ('020600', 'CASTRO VERDE', 2, 5, 6074, 3843, 65, 42);
INSERT INTO public.municipality (code, name, district, mandates, registered_voters, valid_votes, blank_votes, null_votes) VALUES ('020700', 'CUBA', 2, 5, 3677, 2583, 77, 46);
INSERT INTO public.municipality (code, name, district, mandates, registered_voters, valid_votes, blank_votes, null_votes) VALUES ('020800', 'FERREIRA DO ALENTEJO', 2, 5, 6399, 3476, 119, 50);
INSERT INTO public.municipality (code, name, district, mandates, registered_voters, valid_votes, blank_votes, null_votes) VALUES ('020900', 'MÉRTOLA', 2, 5, 5853, 4109, 68, 74);
INSERT INTO public.municipality (code, name, district, mandates, registered_voters, valid_votes, blank_votes, null_votes) VALUES ('021000', 'MOURA', 2, 7, 12022, 6795, 118, 65);
INSERT INTO public.municipality (code, name, district, mandates, registered_voters, valid_votes, blank_votes, null_votes) VALUES ('021100', 'ODEMIRA', 2, 7, 20351, 11366, 327, 259);
INSERT INTO public.municipality (code, name, district, mandates, registered_voters, valid_votes, blank_votes, null_votes) VALUES ('021200', 'OURIQUE', 2, 5, 4295, 3169, 55, 54);
INSERT INTO public.municipality (code, name, district, mandates, registered_voters, valid_votes, blank_votes, null_votes) VALUES ('021300', 'SERPA', 2, 7, 12488, 6812, 123, 166);
INSERT INTO public.municipality (code, name, district, mandates, registered_voters, valid_votes, blank_votes, null_votes) VALUES ('021400', 'VIDIGUEIRA', 2, 5, 4669, 3057, 50, 73);
INSERT INTO public.municipality (code, name, district, mandates, registered_voters, valid_votes, blank_votes, null_votes) VALUES ('030100', 'AMARES', 3, 7, 17408, 10605, 353, 195);
INSERT INTO public.municipality (code, name, district, mandates, registered_voters, valid_votes, blank_votes, null_votes) VALUES ('030200', 'BARCELOS', 3, 11, 106239, 70932, 2305, 1132);
INSERT INTO public.municipality (code, name, district, mandates, registered_voters, valid_votes, blank_votes, null_votes) VALUES ('030300', 'BRAGA', 3, 11, 166180, 90308, 3061, 1317);
INSERT INTO public.municipality (code, name, district, mandates, registered_voters, valid_votes, blank_votes, null_votes) VALUES ('030400', 'CABECEIRAS DE BASTO', 3, 7, 16917, 10917, 114, 185);
INSERT INTO public.municipality (code, name, district, mandates, registered_voters, valid_votes, blank_votes, null_votes) VALUES ('030500', 'CELORICO DE BASTO', 3, 7, 17560, 12030, 117, 146);
INSERT INTO public.municipality (code, name, district, mandates, registered_voters, valid_votes, blank_votes, null_votes) VALUES ('030600', 'ESPOSENDE', 3, 7, 32934, 18536, 801, 350);
INSERT INTO public.municipality (code, name, district, mandates, registered_voters, valid_votes, blank_votes, null_votes) VALUES ('030700', 'FAFE', 3, 7, 49633, 28634, 1061, 552);
INSERT INTO public.municipality (code, name, district, mandates, registered_voters, valid_votes, blank_votes, null_votes) VALUES ('030800', 'GUIMARÃES', 3, 11, 142954, 87795, 2258, 837);
INSERT INTO public.municipality (code, name, district, mandates, registered_voters, valid_votes, blank_votes, null_votes) VALUES ('030900', 'PÓVOA DE LANHOSO', 3, 7, 21834, 15101, 247, 146);
INSERT INTO public.municipality (code, name, district, mandates, registered_voters, valid_votes, blank_votes, null_votes) VALUES ('031000', 'TERRAS DE BOURO', 3, 5, 6656, 4410, 115, 66);
INSERT INTO public.municipality (code, name, district, mandates, registered_voters, valid_votes, blank_votes, null_votes) VALUES ('031100', 'VIEIRA DO MINHO', 3, 7, 12527, 8813, 118, 106);
INSERT INTO public.municipality (code, name, district, mandates, registered_voters, valid_votes, blank_votes, null_votes) VALUES ('031200', 'VILA NOVA DE FAMALICÃO', 3, 11, 119498, 72930, 2080, 895);
INSERT INTO public.municipality (code, name, district, mandates, registered_voters, valid_votes, blank_votes, null_votes) VALUES ('031300', 'VILA VERDE', 3, 7, 44022, 25363, 1077, 424);
INSERT INTO public.municipality (code, name, district, mandates, registered_voters, valid_votes, blank_votes, null_votes) VALUES ('031400', 'VIZELA', 3, 7, 21415, 13392, 225, 147);
INSERT INTO public.municipality (code, name, district, mandates, registered_voters, valid_votes, blank_votes, null_votes) VALUES ('040100', 'ALFÂNDEGA DA FÉ', 4, 5, 5479, 3756, 61, 101);
INSERT INTO public.municipality (code, name, district, mandates, registered_voters, valid_votes, blank_votes, null_votes) VALUES ('040200', 'BRAGANÇA', 4, 7, 35426, 17084, 531, 309);
INSERT INTO public.municipality (code, name, district, mandates, registered_voters, valid_votes, blank_votes, null_votes) VALUES ('040300', 'CARRAZEDA DE ANSIÃES', 4, 5, 6086, 3687, 93, 111);
INSERT INTO public.municipality (code, name, district, mandates, registered_voters, valid_votes, blank_votes, null_votes) VALUES ('040400', 'FREIXO DE ESPADA A CINTA', 4, 5, 3224, 2423, 37, 49);
INSERT INTO public.municipality (code, name, district, mandates, registered_voters, valid_votes, blank_votes, null_votes) VALUES ('040500', 'MACEDO DE CAVALEIROS', 4, 7, 17651, 10105, 157, 201);
INSERT INTO public.municipality (code, name, district, mandates, registered_voters, valid_votes, blank_votes, null_votes) VALUES ('040600', 'MIRANDA DO DOURO', 4, 5, 7377, 5162, 68, 112);
INSERT INTO public.municipality (code, name, district, mandates, registered_voters, valid_votes, blank_votes, null_votes) VALUES ('040700', 'MIRANDELA', 4, 7, 22885, 13744, 217, 265);
INSERT INTO public.municipality (code, name, district, mandates, registered_voters, valid_votes, blank_votes, null_votes) VALUES ('040800', 'MOGADOURO', 4, 5, 10129, 6654, 124, 113);
INSERT INTO public.municipality (code, name, district, mandates, registered_voters, valid_votes, blank_votes, null_votes) VALUES ('040900', 'TORRE DE MONCORVO', 4, 5, 7970, 5376, 71, 84);
INSERT INTO public.municipality (code, name, district, mandates, registered_voters, valid_votes, blank_votes, null_votes) VALUES ('041000', 'VILA FLOR', 4, 5, 6813, 4484, 66, 83);
INSERT INTO public.municipality (code, name, district, mandates, registered_voters, valid_votes, blank_votes, null_votes) VALUES ('041100', 'VIMIOSO', 4, 5, 5495, 2966, 101, 120);
INSERT INTO public.municipality (code, name, district, mandates, registered_voters, valid_votes, blank_votes, null_votes) VALUES ('041200', 'VINHAIS', 4, 5, 9900, 6573, 81, 100);
INSERT INTO public.municipality (code, name, district, mandates, registered_voters, valid_votes, blank_votes, null_votes) VALUES ('050100', 'BELMONTE', 5, 5, 6077, 3450, 118, 75);
INSERT INTO public.municipality (code, name, district, mandates, registered_voters, valid_votes, blank_votes, null_votes) VALUES ('050200', 'CASTELO BRANCO', 5, 7, 48441, 26178, 653, 461);
INSERT INTO public.municipality (code, name, district, mandates, registered_voters, valid_votes, blank_votes, null_votes) VALUES ('050300', 'COVILHÃ', 5, 7, 44113, 24323, 834, 589);
INSERT INTO public.municipality (code, name, district, mandates, registered_voters, valid_votes, blank_votes, null_votes) VALUES ('050400', 'FUNDÃO', 5, 7, 25436, 13603, 520, 295);
INSERT INTO public.municipality (code, name, district, mandates, registered_voters, valid_votes, blank_votes, null_votes) VALUES ('050500', 'IDANHA-A-NOVA', 5, 5, 8015, 5007, 132, 134);
INSERT INTO public.municipality (code, name, district, mandates, registered_voters, valid_votes, blank_votes, null_votes) VALUES ('050600', 'OLEIROS', 5, 5, 4682, 3246, 91, 94);
INSERT INTO public.municipality (code, name, district, mandates, registered_voters, valid_votes, blank_votes, null_votes) VALUES ('050700', 'PENAMACOR', 5, 5, 4337, 3013, 63, 80);
INSERT INTO public.municipality (code, name, district, mandates, registered_voters, valid_votes, blank_votes, null_votes) VALUES ('050800', 'PROENÇA-A-NOVA', 5, 5, 6817, 4104, 146, 105);
INSERT INTO public.municipality (code, name, district, mandates, registered_voters, valid_votes, blank_votes, null_votes) VALUES ('050900', 'SERTÃ', 5, 7, 13305, 8571, 190, 155);
INSERT INTO public.municipality (code, name, district, mandates, registered_voters, valid_votes, blank_votes, null_votes) VALUES ('051000', 'VILA DE REI', 5, 5, 2752, 1856, 49, 75);
INSERT INTO public.municipality (code, name, district, mandates, registered_voters, valid_votes, blank_votes, null_votes) VALUES ('051100', 'VILA VELHA DE RÓDÃO', 5, 5, 2809, 1836, 39, 36);
INSERT INTO public.municipality (code, name, district, mandates, registered_voters, valid_votes, blank_votes, null_votes) VALUES ('060100', 'ARGANIL', 6, 7, 10171, 5958, 178, 139);
INSERT INTO public.municipality (code, name, district, mandates, registered_voters, valid_votes, blank_votes, null_votes) VALUES ('060200', 'CANTANHEDE', 6, 7, 34515, 17073, 595, 305);
INSERT INTO public.municipality (code, name, district, mandates, registered_voters, valid_votes, blank_votes, null_votes) VALUES ('060300', 'COIMBRA', 6, 11, 126293, 64150, 1949, 728);
INSERT INTO public.municipality (code, name, district, mandates, registered_voters, valid_votes, blank_votes, null_votes) VALUES ('060400', 'CONDEIXA-A-NOVA', 6, 7, 14387, 7354, 393, 158);
INSERT INTO public.municipality (code, name, district, mandates, registered_voters, valid_votes, blank_votes, null_votes) VALUES ('060500', 'FIGUEIRA DA FOZ', 6, 9, 54922, 29626, 634, 762);
INSERT INTO public.municipality (code, name, district, mandates, registered_voters, valid_votes, blank_votes, null_votes) VALUES ('060600', 'GÓIS', 6, 5, 3445, 2453, 28, 48);
INSERT INTO public.municipality (code, name, district, mandates, registered_voters, valid_votes, blank_votes, null_votes) VALUES ('060700', 'LOUSÃ', 6, 7, 15264, 8049, 278, 124);
INSERT INTO public.municipality (code, name, district, mandates, registered_voters, valid_votes, blank_votes, null_votes) VALUES ('060800', 'MIRA', 6, 7, 12764, 7082, 223, 123);
INSERT INTO public.municipality (code, name, district, mandates, registered_voters, valid_votes, blank_votes, null_votes) VALUES ('060900', 'MIRANDA DO CORVO', 6, 7, 10852, 6333, 146, 90);
INSERT INTO public.municipality (code, name, district, mandates, registered_voters, valid_votes, blank_votes, null_votes) VALUES ('061000', 'MONTEMOR-O-VELHO', 6, 7, 21699, 12912, 344, 203);
INSERT INTO public.municipality (code, name, district, mandates, registered_voters, valid_votes, blank_votes, null_votes) VALUES ('061100', 'OLIVEIRA DO HOSPITAL', 6, 7, 17589, 11445, 219, 215);
INSERT INTO public.municipality (code, name, district, mandates, registered_voters, valid_votes, blank_votes, null_votes) VALUES ('061200', 'PAMPILHOSA DA SERRA', 6, 5, 3474, 2434, 34, 70);
INSERT INTO public.municipality (code, name, district, mandates, registered_voters, valid_votes, blank_votes, null_votes) VALUES ('061300', 'PENACOVA', 6, 7, 13375, 8043, 168, 116);
INSERT INTO public.municipality (code, name, district, mandates, registered_voters, valid_votes, blank_votes, null_votes) VALUES ('061400', 'PENELA', 6, 5, 4736, 3150, 60, 48);
INSERT INTO public.municipality (code, name, district, mandates, registered_voters, valid_votes, blank_votes, null_votes) VALUES ('061500', 'SOURE', 6, 7, 16192, 8753, 324, 173);
INSERT INTO public.municipality (code, name, district, mandates, registered_voters, valid_votes, blank_votes, null_votes) VALUES ('061600', 'TÁBUA', 6, 7, 10216, 6692, 99, 135);
INSERT INTO public.municipality (code, name, district, mandates, registered_voters, valid_votes, blank_votes, null_votes) VALUES ('061700', 'VILA NOVA DE POIARES', 6, 5, 6200, 3231, 107, 70);
INSERT INTO public.municipality (code, name, district, mandates, registered_voters, valid_votes, blank_votes, null_votes) VALUES ('070100', 'ALANDROAL', 7, 5, 4512, 2988, 41, 49);
INSERT INTO public.municipality (code, name, district, mandates, registered_voters, valid_votes, blank_votes, null_votes) VALUES ('070200', 'ARRAIOLOS', 7, 5, 5835, 3498, 120, 78);
INSERT INTO public.municipality (code, name, district, mandates, registered_voters, valid_votes, blank_votes, null_votes) VALUES ('070300', 'BORBA', 7, 5, 3014, 1894, 39, 28);
INSERT INTO public.municipality (code, name, district, mandates, registered_voters, valid_votes, blank_votes, null_votes) VALUES ('070400', 'ESTREMOZ', 7, 7, 11263, 6484, 108, 93);
INSERT INTO public.municipality (code, name, district, mandates, registered_voters, valid_votes, blank_votes, null_votes) VALUES ('070500', 'ÉVORA', 7, 7, 31687, 22466, 586, 287);
INSERT INTO public.municipality (code, name, district, mandates, registered_voters, valid_votes, blank_votes, null_votes) VALUES ('070600', 'MONTEMOR-O-NOVO', 7, 7, 13816, 8209, 184, 98);
INSERT INTO public.municipality (code, name, district, mandates, registered_voters, valid_votes, blank_votes, null_votes) VALUES ('070700', 'MORA', 7, 5, 3965, 2441, 55, 59);
INSERT INTO public.municipality (code, name, district, mandates, registered_voters, valid_votes, blank_votes, null_votes) VALUES ('070800', 'MOURÃO', 7, 5, 2171, 1529, 23, 24);
INSERT INTO public.municipality (code, name, district, mandates, registered_voters, valid_votes, blank_votes, null_votes) VALUES ('070900', 'PORTEL', 7, 5, 5091, 3523, 50, 32);
INSERT INTO public.municipality (code, name, district, mandates, registered_voters, valid_votes, blank_votes, null_votes) VALUES ('071000', 'REDONDO', 7, 5, 5645, 3396, 49, 47);
INSERT INTO public.municipality (code, name, district, mandates, registered_voters, valid_votes, blank_votes, null_votes) VALUES ('071100', 'REGUENGOS DE MONSARAZ', 7, 5, 8866, 4971, 107, 67);
INSERT INTO public.municipality (code, name, district, mandates, registered_voters, valid_votes, blank_votes, null_votes) VALUES ('071200', 'VENDAS NOVAS', 7, 5, 9993, 5700, 86, 44);
INSERT INTO public.municipality (code, name, district, mandates, registered_voters, valid_votes, blank_votes, null_votes) VALUES ('071300', 'VIANA DO ALENTEJO', 7, 5, 4629, 2960, 54, 32);
INSERT INTO public.municipality (code, name, district, mandates, registered_voters, valid_votes, blank_votes, null_votes) VALUES ('071400', 'VILA VIÇOSA', 7, 5, 6675, 4171, 57, 73);
INSERT INTO public.municipality (code, name, district, mandates, registered_voters, valid_votes, blank_votes, null_votes) VALUES ('080100', 'ALBUFEIRA', 8, 7, 36383, 14963, 308, 189);
INSERT INTO public.municipality (code, name, district, mandates, registered_voters, valid_votes, blank_votes, null_votes) VALUES ('080200', 'ALCOUTIM', 8, 5, 2430, 1807, 37, 28);
INSERT INTO public.municipality (code, name, district, mandates, registered_voters, valid_votes, blank_votes, null_votes) VALUES ('080300', 'ALJEZUR', 8, 5, 4298, 2643, 53, 24);
INSERT INTO public.municipality (code, name, district, mandates, registered_voters, valid_votes, blank_votes, null_votes) VALUES ('080400', 'CASTRO MARIM', 8, 5, 5849, 3253, 68, 47);
INSERT INTO public.municipality (code, name, district, mandates, registered_voters, valid_votes, blank_votes, null_votes) VALUES ('080500', 'FARO', 8, 9, 56855, 24684, 558, 294);
INSERT INTO public.municipality (code, name, district, mandates, registered_voters, valid_votes, blank_votes, null_votes) VALUES ('080600', 'LAGOA', 8, 7, 19185, 9180, 185, 126);
INSERT INTO public.municipality (code, name, district, mandates, registered_voters, valid_votes, blank_votes, null_votes) VALUES ('080700', 'LAGOS', 8, 7, 24774, 9813, 367, 159);
INSERT INTO public.municipality (code, name, district, mandates, registered_voters, valid_votes, blank_votes, null_votes) VALUES ('080800', 'LOULÉ', 8, 9, 61795, 23911, 638, 391);
INSERT INTO public.municipality (code, name, district, mandates, registered_voters, valid_votes, blank_votes, null_votes) VALUES ('080900', 'MONCHIQUE', 8, 5, 4591, 3075, 75, 55);
INSERT INTO public.municipality (code, name, district, mandates, registered_voters, valid_votes, blank_votes, null_votes) VALUES ('081000', 'OLHÃO', 8, 7, 37810, 14848, 396, 222);
INSERT INTO public.municipality (code, name, district, mandates, registered_voters, valid_votes, blank_votes, null_votes) VALUES ('081100', 'PORTIMÃO', 8, 9, 50212, 20644, 604, 330);
INSERT INTO public.municipality (code, name, district, mandates, registered_voters, valid_votes, blank_votes, null_votes) VALUES ('081200', 'SÃO BRÁS DE ALPORTEL', 8, 5, 9398, 4718, 116, 50);
INSERT INTO public.municipality (code, name, district, mandates, registered_voters, valid_votes, blank_votes, null_votes) VALUES ('081300', 'SILVES', 8, 7, 30958, 14319, 448, 213);
INSERT INTO public.municipality (code, name, district, mandates, registered_voters, valid_votes, blank_votes, null_votes) VALUES ('081400', 'TAVIRA', 8, 7, 22048, 11688, 246, 129);
INSERT INTO public.municipality (code, name, district, mandates, registered_voters, valid_votes, blank_votes, null_votes) VALUES ('081500', 'VILA DO BISPO', 8, 5, 4193, 2534, 59, 36);
INSERT INTO public.municipality (code, name, district, mandates, registered_voters, valid_votes, blank_votes, null_votes) VALUES ('081600', 'VILA REAL DE SANTO ANTÓNIO', 8, 7, 16970, 9114, 130, 126);
INSERT INTO public.municipality (code, name, district, mandates, registered_voters, valid_votes, blank_votes, null_votes) VALUES ('090100', 'AGUIAR DA BEIRA', 9, 5, 5979, 4071, 60, 74);
INSERT INTO public.municipality (code, name, district, mandates, registered_voters, valid_votes, blank_votes, null_votes) VALUES ('090200', 'ALMEIDA', 9, 5, 6738, 3984, 118, 92);
INSERT INTO public.municipality (code, name, district, mandates, registered_voters, valid_votes, blank_votes, null_votes) VALUES ('090300', 'CELORICO DA BEIRA', 9, 5, 7385, 4864, 85, 88);
INSERT INTO public.municipality (code, name, district, mandates, registered_voters, valid_votes, blank_votes, null_votes) VALUES ('090400', 'FIGUEIRA DE CASTELO RODRIGO', 9, 5, 5395, 3814, 54, 83);
INSERT INTO public.municipality (code, name, district, mandates, registered_voters, valid_votes, blank_votes, null_votes) VALUES ('090500', 'FORNOS DE ALGODRES', 9, 5, 4399, 3092, 69, 63);
INSERT INTO public.municipality (code, name, district, mandates, registered_voters, valid_votes, blank_votes, null_votes) VALUES ('090600', 'GOUVEIA', 9, 7, 12471, 6594, 255, 171);
INSERT INTO public.municipality (code, name, district, mandates, registered_voters, valid_votes, blank_votes, null_votes) VALUES ('090700', 'GUARDA', 9, 7, 37390, 22737, 432, 462);
INSERT INTO public.municipality (code, name, district, mandates, registered_voters, valid_votes, blank_votes, null_votes) VALUES ('090800', 'MANTEIGAS', 9, 5, 3125, 2156, 23, 41);
INSERT INTO public.municipality (code, name, district, mandates, registered_voters, valid_votes, blank_votes, null_votes) VALUES ('090900', 'MEDA', 9, 5, 5165, 3284, 67, 96);
INSERT INTO public.municipality (code, name, district, mandates, registered_voters, valid_votes, blank_votes, null_votes) VALUES ('091000', 'PINHEL', 9, 5, 8967, 5151, 162, 129);
INSERT INTO public.municipality (code, name, district, mandates, registered_voters, valid_votes, blank_votes, null_votes) VALUES ('091100', 'SABUGAL', 9, 7, 12572, 6929, 182, 115);
INSERT INTO public.municipality (code, name, district, mandates, registered_voters, valid_votes, blank_votes, null_votes) VALUES ('091200', 'SEIA', 9, 7, 21227, 12247, 373, 265);
INSERT INTO public.municipality (code, name, district, mandates, registered_voters, valid_votes, blank_votes, null_votes) VALUES ('091300', 'TRANCOSO', 9, 5, 8844, 5462, 206, 129);
INSERT INTO public.municipality (code, name, district, mandates, registered_voters, valid_votes, blank_votes, null_votes) VALUES ('091400', 'VILA NOVA DE FOZ CÔA', 9, 5, 7088, 4280, 100, 78);
INSERT INTO public.municipality (code, name, district, mandates, registered_voters, valid_votes, blank_votes, null_votes) VALUES ('100100', 'ALCOBAÇA', 10, 7, 47891, 25633, 911, 660);
INSERT INTO public.municipality (code, name, district, mandates, registered_voters, valid_votes, blank_votes, null_votes) VALUES ('100200', 'ALVAIÁZERE', 10, 5, 5923, 3731, 71, 69);
INSERT INTO public.municipality (code, name, district, mandates, registered_voters, valid_votes, blank_votes, null_votes) VALUES ('100300', 'ANSIÃO', 10, 7, 11103, 6951, 145, 93);
INSERT INTO public.municipality (code, name, district, mandates, registered_voters, valid_votes, blank_votes, null_votes) VALUES ('100400', 'BATALHA', 10, 7, 13989, 8815, 241, 161);
INSERT INTO public.municipality (code, name, district, mandates, registered_voters, valid_votes, blank_votes, null_votes) VALUES ('100500', 'BOMBARRAL', 10, 7, 11208, 6068, 154, 105);
INSERT INTO public.municipality (code, name, district, mandates, registered_voters, valid_votes, blank_votes, null_votes) VALUES ('100600', 'CALDAS DA RAINHA', 10, 7, 45524, 21453, 460, 292);
INSERT INTO public.municipality (code, name, district, mandates, registered_voters, valid_votes, blank_votes, null_votes) VALUES ('100700', 'CASTANHEIRA DE PÊRA', 10, 5, 2545, 1804, 28, 37);
INSERT INTO public.municipality (code, name, district, mandates, registered_voters, valid_votes, blank_votes, null_votes) VALUES ('100800', 'FIGUEIRÓ DOS VINHOS', 10, 5, 5270, 3478, 76, 79);
INSERT INTO public.municipality (code, name, district, mandates, registered_voters, valid_votes, blank_votes, null_votes) VALUES ('100900', 'LEIRIA', 10, 11, 113434, 57058, 2134, 1140);
INSERT INTO public.municipality (code, name, district, mandates, registered_voters, valid_votes, blank_votes, null_votes) VALUES ('101000', 'MARINHA GRANDE', 10, 7, 34341, 15976, 480, 271);
INSERT INTO public.municipality (code, name, district, mandates, registered_voters, valid_votes, blank_votes, null_votes) VALUES ('101100', 'NAZARÉ', 10, 7, 14217, 5964, 230, 144);
INSERT INTO public.municipality (code, name, district, mandates, registered_voters, valid_votes, blank_votes, null_votes) VALUES ('101200', 'ÓBIDOS', 10, 7, 10563, 5764, 176, 88);
INSERT INTO public.municipality (code, name, district, mandates, registered_voters, valid_votes, blank_votes, null_votes) VALUES ('101300', 'PEDRÓGÃO GRANDE', 10, 5, 3094, 1977, 36, 47);
INSERT INTO public.municipality (code, name, district, mandates, registered_voters, valid_votes, blank_votes, null_votes) VALUES ('101400', 'PENICHE', 10, 7, 24331, 11928, 262, 162);
INSERT INTO public.municipality (code, name, district, mandates, registered_voters, valid_votes, blank_votes, null_votes) VALUES ('101500', 'POMBAL', 10, 7, 49036, 21475, 951, 510);
INSERT INTO public.municipality (code, name, district, mandates, registered_voters, valid_votes, blank_votes, null_votes) VALUES ('101600', 'PORTO DE MÓS', 10, 7, 20749, 12674, 266, 212);
INSERT INTO public.municipality (code, name, district, mandates, registered_voters, valid_votes, blank_votes, null_votes) VALUES ('110100', 'ALENQUER', 11, 7, 36794, 17134, 613, 313);
INSERT INTO public.municipality (code, name, district, mandates, registered_voters, valid_votes, blank_votes, null_votes) VALUES ('110200', 'ARRUDA DOS VINHOS', 11, 7, 11434, 6677, 131, 88);
INSERT INTO public.municipality (code, name, district, mandates, registered_voters, valid_votes, blank_votes, null_votes) VALUES ('110300', 'AZAMBUJA', 11, 7, 17597, 8710, 305, 221);
INSERT INTO public.municipality (code, name, district, mandates, registered_voters, valid_votes, blank_votes, null_votes) VALUES ('110400', 'CADAVAL', 11, 7, 11943, 6398, 193, 143);
INSERT INTO public.municipality (code, name, district, mandates, registered_voters, valid_votes, blank_votes, null_votes) VALUES ('110500', 'CASCAIS', 11, 11, 179237, 77318, 1569, 971);
INSERT INTO public.municipality (code, name, district, mandates, registered_voters, valid_votes, blank_votes, null_votes) VALUES ('110600', 'LISBOA', 11, 17, 476050, 235298, 4823, 2622);
INSERT INTO public.municipality (code, name, district, mandates, registered_voters, valid_votes, blank_votes, null_votes) VALUES ('110700', 'LOURES', 11, 11, 169257, 78127, 2259, 1405);
INSERT INTO public.municipality (code, name, district, mandates, registered_voters, valid_votes, blank_votes, null_votes) VALUES ('110800', 'LOURINHÃ', 11, 7, 23260, 12199, 413, 301);
INSERT INTO public.municipality (code, name, district, mandates, registered_voters, valid_votes, blank_votes, null_votes) VALUES ('110900', 'MAFRA', 11, 9, 68099, 33841, 945, 518);
INSERT INTO public.municipality (code, name, district, mandates, registered_voters, valid_votes, blank_votes, null_votes) VALUES ('111000', 'OEIRAS', 11, 11, 147343, 72296, 2558, 1387);
INSERT INTO public.municipality (code, name, district, mandates, registered_voters, valid_votes, blank_votes, null_votes) VALUES ('111100', 'SINTRA', 11, 11, 323280, 124034, 3484, 2221);
INSERT INTO public.municipality (code, name, district, mandates, registered_voters, valid_votes, blank_votes, null_votes) VALUES ('111200', 'SOBRAL DE MONTE AGRAÇO', 11, 5, 8569, 4688, 154, 111);
INSERT INTO public.municipality (code, name, district, mandates, registered_voters, valid_votes, blank_votes, null_votes) VALUES ('111300', 'TORRES VEDRAS', 11, 9, 69477, 36599, 907, 642);
INSERT INTO public.municipality (code, name, district, mandates, registered_voters, valid_votes, blank_votes, null_votes) VALUES ('111400', 'VILA FRANCA DE XIRA', 11, 11, 113974, 49317, 1854, 880);
INSERT INTO public.municipality (code, name, district, mandates, registered_voters, valid_votes, blank_votes, null_votes) VALUES ('111500', 'AMADORA', 11, 11, 145310, 59558, 1449, 1005);
INSERT INTO public.municipality (code, name, district, mandates, registered_voters, valid_votes, blank_votes, null_votes) VALUES ('111600', 'ODIVELAS', 11, 11, 126833, 52586, 1456, 1027);
INSERT INTO public.municipality (code, name, district, mandates, registered_voters, valid_votes, blank_votes, null_votes) VALUES ('120100', 'ALTER DO CHÃO', 12, 5, 2699, 1898, 33, 24);
INSERT INTO public.municipality (code, name, district, mandates, registered_voters, valid_votes, blank_votes, null_votes) VALUES ('120200', 'ARRONCHES', 12, 5, 2526, 1906, 28, 15);
INSERT INTO public.municipality (code, name, district, mandates, registered_voters, valid_votes, blank_votes, null_votes) VALUES ('120300', 'AVIS', 12, 5, 3433, 2330, 60, 45);
INSERT INTO public.municipality (code, name, district, mandates, registered_voters, valid_votes, blank_votes, null_votes) VALUES ('120400', 'CAMPO MAIOR', 12, 5, 7054, 4079, 100, 65);
INSERT INTO public.municipality (code, name, district, mandates, registered_voters, valid_votes, blank_votes, null_votes) VALUES ('120500', 'CASTELO DE VIDE', 12, 5, 2684, 1924, 46, 22);
INSERT INTO public.municipality (code, name, district, mandates, registered_voters, valid_votes, blank_votes, null_votes) VALUES ('120600', 'CRATO', 12, 5, 2974, 2243, 32, 22);
INSERT INTO public.municipality (code, name, district, mandates, registered_voters, valid_votes, blank_votes, null_votes) VALUES ('120700', 'ELVAS', 12, 7, 18811, 9957, 202, 154);
INSERT INTO public.municipality (code, name, district, mandates, registered_voters, valid_votes, blank_votes, null_votes) VALUES ('120800', 'FRONTEIRA', 12, 5, 2617, 1753, 54, 55);
INSERT INTO public.municipality (code, name, district, mandates, registered_voters, valid_votes, blank_votes, null_votes) VALUES ('120900', 'GAVIÃO', 12, 5, 3200, 2130, 49, 46);
INSERT INTO public.municipality (code, name, district, mandates, registered_voters, valid_votes, blank_votes, null_votes) VALUES ('121000', 'MARVÃO', 12, 5, 2725, 1994, 29, 29);
INSERT INTO public.municipality (code, name, district, mandates, registered_voters, valid_votes, blank_votes, null_votes) VALUES ('121100', 'MONFORTE', 12, 5, 2557, 1743, 22, 29);
INSERT INTO public.municipality (code, name, district, mandates, registered_voters, valid_votes, blank_votes, null_votes) VALUES ('121200', 'NISA', 12, 5, 5694, 3683, 67, 55);
INSERT INTO public.municipality (code, name, district, mandates, registered_voters, valid_votes, blank_votes, null_votes) VALUES ('121300', 'PONTE DE SOR', 12, 7, 13857, 6783, 210, 122);
INSERT INTO public.municipality (code, name, district, mandates, registered_voters, valid_votes, blank_votes, null_votes) VALUES ('121400', 'PORTALEGRE', 12, 7, 20033, 12717, 159, 129);
INSERT INTO public.municipality (code, name, district, mandates, registered_voters, valid_votes, blank_votes, null_votes) VALUES ('121500', 'SOUSEL', 12, 5, 3895, 2753, 42, 50);
INSERT INTO public.municipality (code, name, district, mandates, registered_voters, valid_votes, blank_votes, null_votes) VALUES ('130100', 'AMARANTE', 13, 9, 50101, 30065, 556, 326);
INSERT INTO public.municipality (code, name, district, mandates, registered_voters, valid_votes, blank_votes, null_votes) VALUES ('130200', 'BAIÃO', 13, 7, 16830, 11049, 178, 163);
INSERT INTO public.municipality (code, name, district, mandates, registered_voters, valid_votes, blank_votes, null_votes) VALUES ('130300', 'FELGUEIRAS', 13, 9, 51721, 31479, 629, 407);
INSERT INTO public.municipality (code, name, district, mandates, registered_voters, valid_votes, blank_votes, null_votes) VALUES ('130400', 'GONDOMAR', 13, 11, 146210, 67603, 2316, 1455);
INSERT INTO public.municipality (code, name, district, mandates, registered_voters, valid_votes, blank_votes, null_votes) VALUES ('130500', 'LOUSADA', 13, 7, 41453, 27495, 422, 259);
INSERT INTO public.municipality (code, name, district, mandates, registered_voters, valid_votes, blank_votes, null_votes) VALUES ('130600', 'MAIA', 13, 11, 116981, 57592, 2425, 1157);
INSERT INTO public.municipality (code, name, district, mandates, registered_voters, valid_votes, blank_votes, null_votes) VALUES ('130700', 'MARCO DE CANAVESES', 13, 7, 45388, 29494, 376, 378);
INSERT INTO public.municipality (code, name, district, mandates, registered_voters, valid_votes, blank_votes, null_votes) VALUES ('130800', 'MATOSINHOS', 13, 11, 151342, 66240, 2247, 1148);
INSERT INTO public.municipality (code, name, district, mandates, registered_voters, valid_votes, blank_votes, null_votes) VALUES ('130900', 'PAÇOS DE FERREIRA', 13, 7, 48816, 31047, 609, 436);
INSERT INTO public.municipality (code, name, district, mandates, registered_voters, valid_votes, blank_votes, null_votes) VALUES ('131000', 'PAREDES', 13, 9, 74295, 47671, 960, 820);
INSERT INTO public.municipality (code, name, district, mandates, registered_voters, valid_votes, blank_votes, null_votes) VALUES ('131100', 'PENAFIEL', 13, 9, 61944, 42445, 635, 584);
INSERT INTO public.municipality (code, name, district, mandates, registered_voters, valid_votes, blank_votes, null_votes) VALUES ('131200', 'PORTO', 13, 13, 207129, 97796, 2253, 1130);
INSERT INTO public.municipality (code, name, district, mandates, registered_voters, valid_votes, blank_votes, null_votes) VALUES ('131300', 'PÓVOA DE VARZIM', 13, 9, 60162, 27587, 959, 392);
INSERT INTO public.municipality (code, name, district, mandates, registered_voters, valid_votes, blank_votes, null_votes) VALUES ('131400', 'SANTO TIRSO', 13, 9, 61979, 33562, 1382, 539);
INSERT INTO public.municipality (code, name, district, mandates, registered_voters, valid_votes, blank_votes, null_votes) VALUES ('131500', 'VALONGO', 13, 9, 84294, 37940, 1462, 884);
INSERT INTO public.municipality (code, name, district, mandates, registered_voters, valid_votes, blank_votes, null_votes) VALUES ('131600', 'VILA DO CONDE', 13, 9, 71757, 42023, 938, 391);
INSERT INTO public.municipality (code, name, district, mandates, registered_voters, valid_votes, blank_votes, null_votes) VALUES ('131700', 'VILA NOVA DE GAIA', 13, 11, 267468, 121971, 3562, 2013);
INSERT INTO public.municipality (code, name, district, mandates, registered_voters, valid_votes, blank_votes, null_votes) VALUES ('131800', 'TROFA', 13, 7, 33834, 20251, 497, 320);
INSERT INTO public.municipality (code, name, district, mandates, registered_voters, valid_votes, blank_votes, null_votes) VALUES ('140100', 'ABRANTES', 14, 7, 31591, 16551, 413, 276);
INSERT INTO public.municipality (code, name, district, mandates, registered_voters, valid_votes, blank_votes, null_votes) VALUES ('140200', 'ALCANENA', 14, 7, 11773, 6509, 141, 126);
INSERT INTO public.municipality (code, name, district, mandates, registered_voters, valid_votes, blank_votes, null_votes) VALUES ('140300', 'ALMEIRIM', 14, 7, 19605, 7923, 238, 105);
INSERT INTO public.municipality (code, name, district, mandates, registered_voters, valid_votes, blank_votes, null_votes) VALUES ('140400', 'ALPIARÇA', 14, 5, 6268, 3585, 109, 43);
INSERT INTO public.municipality (code, name, district, mandates, registered_voters, valid_votes, blank_votes, null_votes) VALUES ('140500', 'BENAVENTE', 14, 7, 24411, 10339, 340, 212);
INSERT INTO public.municipality (code, name, district, mandates, registered_voters, valid_votes, blank_votes, null_votes) VALUES ('140600', 'CARTAXO', 14, 7, 20643, 10380, 302, 154);
INSERT INTO public.municipality (code, name, district, mandates, registered_voters, valid_votes, blank_votes, null_votes) VALUES ('140700', 'CHAMUSCA', 14, 5, 7667, 4445, 119, 74);
INSERT INTO public.municipality (code, name, district, mandates, registered_voters, valid_votes, blank_votes, null_votes) VALUES ('140800', 'CONSTÂNCIA', 14, 5, 3320, 2219, 55, 34);
INSERT INTO public.municipality (code, name, district, mandates, registered_voters, valid_votes, blank_votes, null_votes) VALUES ('140900', 'CORUCHE', 14, 7, 15845, 7873, 201, 264);
INSERT INTO public.municipality (code, name, district, mandates, registered_voters, valid_votes, blank_votes, null_votes) VALUES ('141000', 'ENTRONCAMENTO', 14, 7, 17012, 8047, 274, 180);
INSERT INTO public.municipality (code, name, district, mandates, registered_voters, valid_votes, blank_votes, null_votes) VALUES ('141100', 'FERREIRA DO ZÊZERE', 14, 5, 6961, 4780, 84, 99);
INSERT INTO public.municipality (code, name, district, mandates, registered_voters, valid_votes, blank_votes, null_votes) VALUES ('141200', 'GOLEGÃ', 14, 5, 4866, 3057, 44, 36);
INSERT INTO public.municipality (code, name, district, mandates, registered_voters, valid_votes, blank_votes, null_votes) VALUES ('141300', 'MAÇÃO', 14, 5, 5866, 4008, 74, 98);
INSERT INTO public.municipality (code, name, district, mandates, registered_voters, valid_votes, blank_votes, null_votes) VALUES ('141400', 'RIO MAIOR', 14, 7, 17739, 9602, 220, 151);
INSERT INTO public.municipality (code, name, district, mandates, registered_voters, valid_votes, blank_votes, null_votes) VALUES ('141500', 'SALVATERRA DE MAGOS', 14, 7, 18992, 7838, 290, 189);
INSERT INTO public.municipality (code, name, district, mandates, registered_voters, valid_votes, blank_votes, null_votes) VALUES ('141600', 'SANTARÉM', 14, 9, 50899, 25800, 747, 362);
INSERT INTO public.municipality (code, name, district, mandates, registered_voters, valid_votes, blank_votes, null_votes) VALUES ('141700', 'SARDOAL', 14, 5, 4366, 2246, 42, 32);
INSERT INTO public.municipality (code, name, district, mandates, registered_voters, valid_votes, blank_votes, null_votes) VALUES ('141800', 'TOMAR', 14, 7, 33892, 17074, 510, 367);
INSERT INTO public.municipality (code, name, district, mandates, registered_voters, valid_votes, blank_votes, null_votes) VALUES ('141900', 'TORRES NOVAS', 14, 7, 30795, 16691, 416, 268);
INSERT INTO public.municipality (code, name, district, mandates, registered_voters, valid_votes, blank_votes, null_votes) VALUES ('142000', 'VILA NOVA DA BARQUINHA', 14, 5, 6236, 3047, 115, 71);
INSERT INTO public.municipality (code, name, district, mandates, registered_voters, valid_votes, blank_votes, null_votes) VALUES ('142100', 'OURÉM', 14, 7, 40870, 20852, 664, 480);
INSERT INTO public.municipality (code, name, district, mandates, registered_voters, valid_votes, blank_votes, null_votes) VALUES ('150100', 'ALCÁCER DO SAL', 15, 7, 10139, 6145, 98, 76);
INSERT INTO public.municipality (code, name, district, mandates, registered_voters, valid_votes, blank_votes, null_votes) VALUES ('150200', 'ALCOCHETE', 15, 7, 15263, 8641, 149, 102);
INSERT INTO public.municipality (code, name, district, mandates, registered_voters, valid_votes, blank_votes, null_votes) VALUES ('150300', 'ALMADA', 15, 11, 151953, 68642, 1328, 796);
INSERT INTO public.municipality (code, name, district, mandates, registered_voters, valid_votes, blank_votes, null_votes) VALUES ('150400', 'BARREIRO', 15, 9, 68267, 33596, 525, 390);
INSERT INTO public.municipality (code, name, district, mandates, registered_voters, valid_votes, blank_votes, null_votes) VALUES ('150500', 'GRÂNDOLA', 15, 7, 11936, 6347, 152, 84);
INSERT INTO public.municipality (code, name, district, mandates, registered_voters, valid_votes, blank_votes, null_votes) VALUES ('150600', 'MOITA', 15, 9, 58407, 23766, 480, 350);
INSERT INTO public.municipality (code, name, district, mandates, registered_voters, valid_votes, blank_votes, null_votes) VALUES ('150700', 'MONTIJO', 15, 7, 43810, 19158, 572, 245);
INSERT INTO public.municipality (code, name, district, mandates, registered_voters, valid_votes, blank_votes, null_votes) VALUES ('150800', 'PALMELA', 15, 9, 56024, 22860, 699, 368);
INSERT INTO public.municipality (code, name, district, mandates, registered_voters, valid_votes, blank_votes, null_votes) VALUES ('150900', 'SANTIAGO DO CACÉM', 15, 7, 24215, 12080, 330, 153);
INSERT INTO public.municipality (code, name, district, mandates, registered_voters, valid_votes, blank_votes, null_votes) VALUES ('151000', 'SEIXAL', 15, 11, 142900, 59999, 1396, 834);
INSERT INTO public.municipality (code, name, district, mandates, registered_voters, valid_votes, blank_votes, null_votes) VALUES ('151100', 'SESIMBRA', 15, 7, 45135, 18416, 576, 344);
INSERT INTO public.municipality (code, name, district, mandates, registered_voters, valid_votes, blank_votes, null_votes) VALUES ('151200', 'SETÚBAL', 15, 11, 105651, 42905, 1051, 570);
INSERT INTO public.municipality (code, name, district, mandates, registered_voters, valid_votes, blank_votes, null_votes) VALUES ('151300', 'SINES', 15, 7, 12170, 5905, 104, 44);
INSERT INTO public.municipality (code, name, district, mandates, registered_voters, valid_votes, blank_votes, null_votes) VALUES ('160100', 'ARCOS DE VALDEVEZ', 16, 7, 24703, 13525, 407, 168);
INSERT INTO public.municipality (code, name, district, mandates, registered_voters, valid_votes, blank_votes, null_votes) VALUES ('160200', 'CAMINHA', 16, 7, 16131, 9566, 229, 164);
INSERT INTO public.municipality (code, name, district, mandates, registered_voters, valid_votes, blank_votes, null_votes) VALUES ('160300', 'MELGAÇO', 16, 7, 10024, 3858, 204, 80);
INSERT INTO public.municipality (code, name, district, mandates, registered_voters, valid_votes, blank_votes, null_votes) VALUES ('160400', 'MONÇÃO', 16, 7, 19360, 11322, 213, 195);
INSERT INTO public.municipality (code, name, district, mandates, registered_voters, valid_votes, blank_votes, null_votes) VALUES ('160500', 'PAREDES DE COURA', 16, 5, 8597, 4796, 166, 101);
INSERT INTO public.municipality (code, name, district, mandates, registered_voters, valid_votes, blank_votes, null_votes) VALUES ('160600', 'PONTE DA BARCA', 16, 7, 12983, 8049, 218, 83);
INSERT INTO public.municipality (code, name, district, mandates, registered_voters, valid_votes, blank_votes, null_votes) VALUES ('160700', 'PONTE DE LIMA', 16, 7, 40597, 26400, 600, 441);
INSERT INTO public.municipality (code, name, district, mandates, registered_voters, valid_votes, blank_votes, null_votes) VALUES ('160800', 'VALENÇA', 16, 7, 12981, 8325, 112, 116);
INSERT INTO public.municipality (code, name, district, mandates, registered_voters, valid_votes, blank_votes, null_votes) VALUES ('160900', 'VIANA DO CASTELO', 16, 9, 82728, 43909, 1728, 906);
INSERT INTO public.municipality (code, name, district, mandates, registered_voters, valid_votes, blank_votes, null_votes) VALUES ('161000', 'VILA NOVA DE CERVEIRA', 16, 5, 8430, 5857, 109, 65);
INSERT INTO public.municipality (code, name, district, mandates, registered_voters, valid_votes, blank_votes, null_votes) VALUES ('170100', 'ALIJÓ', 17, 7, 11427, 6999, 176, 228);
INSERT INTO public.municipality (code, name, district, mandates, registered_voters, valid_votes, blank_votes, null_votes) VALUES ('170200', 'BOTICAS', 17, 5, 7729, 3825, 120, 77);
INSERT INTO public.municipality (code, name, district, mandates, registered_voters, valid_votes, blank_votes, null_votes) VALUES ('170300', 'CHAVES', 17, 7, 42890, 22945, 537, 370);
INSERT INTO public.municipality (code, name, district, mandates, registered_voters, valid_votes, blank_votes, null_votes) VALUES ('170400', 'MESÃO FRIO', 17, 5, 3634, 2496, 48, 43);
INSERT INTO public.municipality (code, name, district, mandates, registered_voters, valid_votes, blank_votes, null_votes) VALUES ('170500', 'MONDIM DE BASTO', 17, 5, 7749, 4658, 51, 55);
INSERT INTO public.municipality (code, name, district, mandates, registered_voters, valid_votes, blank_votes, null_votes) VALUES ('170600', 'MONTALEGRE', 17, 7, 13793, 7152, 211, 136);
INSERT INTO public.municipality (code, name, district, mandates, registered_voters, valid_votes, blank_votes, null_votes) VALUES ('170700', 'MURÇA', 17, 5, 6367, 3769, 92, 87);
INSERT INTO public.municipality (code, name, district, mandates, registered_voters, valid_votes, blank_votes, null_votes) VALUES ('170800', 'PESO DA RÉGUA', 17, 7, 15291, 8708, 151, 137);
INSERT INTO public.municipality (code, name, district, mandates, registered_voters, valid_votes, blank_votes, null_votes) VALUES ('170900', 'RIBEIRA DE PENA', 17, 5, 8503, 5260, 70, 67);
INSERT INTO public.municipality (code, name, district, mandates, registered_voters, valid_votes, blank_votes, null_votes) VALUES ('171000', 'SABROSA', 17, 5, 6245, 4082, 48, 90);
INSERT INTO public.municipality (code, name, district, mandates, registered_voters, valid_votes, blank_votes, null_votes) VALUES ('171100', 'SANTA MARTA DE PENAGUIÃO', 17, 5, 7203, 4337, 143, 101);
INSERT INTO public.municipality (code, name, district, mandates, registered_voters, valid_votes, blank_votes, null_votes) VALUES ('171200', 'VALPAÇOS', 17, 7, 18846, 9344, 413, 213);
INSERT INTO public.municipality (code, name, district, mandates, registered_voters, valid_votes, blank_votes, null_votes) VALUES ('171300', 'VILA POUCA DE AGUIAR', 17, 7, 14351, 8413, 200, 134);
INSERT INTO public.municipality (code, name, district, mandates, registered_voters, valid_votes, blank_votes, null_votes) VALUES ('171400', 'VILA REAL', 17, 7, 49701, 28731, 717, 449);
INSERT INTO public.municipality (code, name, district, mandates, registered_voters, valid_votes, blank_votes, null_votes) VALUES ('180100', 'ARMAMAR', 18, 5, 5854, 3683, 77, 122);
INSERT INTO public.municipality (code, name, district, mandates, registered_voters, valid_votes, blank_votes, null_votes) VALUES ('180200', 'CARREGAL DO SAL', 18, 5, 9033, 5325, 134, 123);
INSERT INTO public.municipality (code, name, district, mandates, registered_voters, valid_votes, blank_votes, null_votes) VALUES ('180300', 'CASTRO DAIRE', 18, 7, 13942, 9134, 156, 147);
INSERT INTO public.municipality (code, name, district, mandates, registered_voters, valid_votes, blank_votes, null_votes) VALUES ('180400', 'CINFÃES', 18, 7, 16356, 10439, 174, 210);
INSERT INTO public.municipality (code, name, district, mandates, registered_voters, valid_votes, blank_votes, null_votes) VALUES ('180500', 'LAMEGO', 18, 7, 23603, 14673, 284, 347);
INSERT INTO public.municipality (code, name, district, mandates, registered_voters, valid_votes, blank_votes, null_votes) VALUES ('180600', 'MANGUALDE', 18, 7, 17888, 9949, 354, 227);
INSERT INTO public.municipality (code, name, district, mandates, registered_voters, valid_votes, blank_votes, null_votes) VALUES ('180700', 'MOIMENTA DA BEIRA', 18, 7, 10194, 6204, 137, 140);
INSERT INTO public.municipality (code, name, district, mandates, registered_voters, valid_votes, blank_votes, null_votes) VALUES ('180800', 'MORTÁGUA', 18, 5, 8480, 4976, 157, 79);
INSERT INTO public.municipality (code, name, district, mandates, registered_voters, valid_votes, blank_votes, null_votes) VALUES ('180900', 'NELAS', 18, 7, 12539, 7292, 211, 160);
INSERT INTO public.municipality (code, name, district, mandates, registered_voters, valid_votes, blank_votes, null_votes) VALUES ('181000', 'OLIVEIRA DE FRADES', 18, 5, 8710, 5818, 120, 106);
INSERT INTO public.municipality (code, name, district, mandates, registered_voters, valid_votes, blank_votes, null_votes) VALUES ('181100', 'PENALVA DO CASTELO', 18, 5, 7448, 4868, 118, 115);
INSERT INTO public.municipality (code, name, district, mandates, registered_voters, valid_votes, blank_votes, null_votes) VALUES ('181200', 'PENEDONO', 18, 5, 2921, 1881, 21, 52);
INSERT INTO public.municipality (code, name, district, mandates, registered_voters, valid_votes, blank_votes, null_votes) VALUES ('181300', 'RESENDE', 18, 7, 10137, 7224, 89, 131);
INSERT INTO public.municipality (code, name, district, mandates, registered_voters, valid_votes, blank_votes, null_votes) VALUES ('181400', 'SANTA COMBA DÃO', 18, 7, 10307, 5985, 205, 108);
INSERT INTO public.municipality (code, name, district, mandates, registered_voters, valid_votes, blank_votes, null_votes) VALUES ('181500', 'SÃO JOÃO DA PESQUEIRA', 18, 5, 6625, 4370, 109, 102);
INSERT INTO public.municipality (code, name, district, mandates, registered_voters, valid_votes, blank_votes, null_votes) VALUES ('181600', 'SÃO PEDRO DO SUL', 18, 7, 14934, 9668, 220, 159);
INSERT INTO public.municipality (code, name, district, mandates, registered_voters, valid_votes, blank_votes, null_votes) VALUES ('181700', 'SÁTÃO', 18, 7, 12767, 7365, 105, 137);
INSERT INTO public.municipality (code, name, district, mandates, registered_voters, valid_votes, blank_votes, null_votes) VALUES ('181800', 'SERNANCELHE', 18, 5, 5266, 3754, 111, 77);
INSERT INTO public.municipality (code, name, district, mandates, registered_voters, valid_votes, blank_votes, null_votes) VALUES ('181900', 'TABUAÇO', 18, 5, 4826, 3112, 100, 106);
INSERT INTO public.municipality (code, name, district, mandates, registered_voters, valid_votes, blank_votes, null_votes) VALUES ('182000', 'TAROUCA', 18, 5, 7159, 4305, 68, 112);
INSERT INTO public.municipality (code, name, district, mandates, registered_voters, valid_votes, blank_votes, null_votes) VALUES ('182100', 'TONDELA', 18, 7, 24884, 14998, 544, 236);
INSERT INTO public.municipality (code, name, district, mandates, registered_voters, valid_votes, blank_votes, null_votes) VALUES ('182200', 'VILA NOVA DE PAIVA', 18, 5, 5971, 3132, 70, 53);
INSERT INTO public.municipality (code, name, district, mandates, registered_voters, valid_votes, blank_votes, null_votes) VALUES ('182300', 'VISEU', 18, 9, 92444, 50471, 1142, 617);
INSERT INTO public.municipality (code, name, district, mandates, registered_voters, valid_votes, blank_votes, null_votes) VALUES ('182400', 'VOUZELA', 18, 5, 8999, 5873, 155, 81);
INSERT INTO public.municipality (code, name, district, mandates, registered_voters, valid_votes, blank_votes, null_votes) VALUES ('310100', 'CALHETA', 19, 7, 12329, 6858, 36, 152);
INSERT INTO public.municipality (code, name, district, mandates, registered_voters, valid_votes, blank_votes, null_votes) VALUES ('310200', 'CÂMARA DE LOBOS', 19, 7, 32693, 15851, 167, 322);
INSERT INTO public.municipality (code, name, district, mandates, registered_voters, valid_votes, blank_votes, null_votes) VALUES ('310300', 'FUNCHAL', 19, 11, 106549, 55512, 478, 1153);
INSERT INTO public.municipality (code, name, district, mandates, registered_voters, valid_votes, blank_votes, null_votes) VALUES ('310400', 'MACHICO', 19, 7, 20560, 11115, 93, 222);
INSERT INTO public.municipality (code, name, district, mandates, registered_voters, valid_votes, blank_votes, null_votes) VALUES ('310500', 'PONTA DO SOL', 19, 5, 9909, 5396, 21, 104);
INSERT INTO public.municipality (code, name, district, mandates, registered_voters, valid_votes, blank_votes, null_votes) VALUES ('310600', 'PORTO MONIZ', 19, 5, 3052, 2047, 22, 28);
INSERT INTO public.municipality (code, name, district, mandates, registered_voters, valid_votes, blank_votes, null_votes) VALUES ('310700', 'RIBEIRA BRAVA', 19, 7, 14021, 7117, 95, 218);
INSERT INTO public.municipality (code, name, district, mandates, registered_voters, valid_votes, blank_votes, null_votes) VALUES ('310800', 'SANTA CRUZ', 19, 7, 40013, 21479, 170, 386);
INSERT INTO public.municipality (code, name, district, mandates, registered_voters, valid_votes, blank_votes, null_votes) VALUES ('310900', 'SANTANA', 19, 5, 7467, 4557, 37, 85);
INSERT INTO public.municipality (code, name, district, mandates, registered_voters, valid_votes, blank_votes, null_votes) VALUES ('311000', 'SÃO VICENTE', 19, 5, 5988, 3184, 35, 104);
INSERT INTO public.municipality (code, name, district, mandates, registered_voters, valid_votes, blank_votes, null_votes) VALUES ('320100', 'PORTO SANTO', 19, 5, 5236, 3531, 30, 58);
INSERT INTO public.municipality (code, name, district, mandates, registered_voters, valid_votes, blank_votes, null_votes) VALUES ('410100', 'VILA DO PORTO', 20, 5, 5397, 2934, 61, 26);
INSERT INTO public.municipality (code, name, district, mandates, registered_voters, valid_votes, blank_votes, null_votes) VALUES ('420100', 'LAGOA', 20, 7, 12908, 6236, 94, 82);
INSERT INTO public.municipality (code, name, district, mandates, registered_voters, valid_votes, blank_votes, null_votes) VALUES ('420200', 'NORDESTE', 20, 5, 4753, 2894, 79, 50);
INSERT INTO public.municipality (code, name, district, mandates, registered_voters, valid_votes, blank_votes, null_votes) VALUES ('420300', 'PONTA DELGADA', 20, 9, 65228, 27876, 646, 313);
INSERT INTO public.municipality (code, name, district, mandates, registered_voters, valid_votes, blank_votes, null_votes) VALUES ('420400', 'POVOAÇÃO', 20, 5, 6353, 3861, 36, 48);
INSERT INTO public.municipality (code, name, district, mandates, registered_voters, valid_votes, blank_votes, null_votes) VALUES ('420500', 'RIBEIRA GRANDE', 20, 7, 28616, 15203, 176, 167);
INSERT INTO public.municipality (code, name, district, mandates, registered_voters, valid_votes, blank_votes, null_votes) VALUES ('420600', 'VILA FRANCA DO CAMPO', 20, 7, 10457, 5494, 92, 68);
INSERT INTO public.municipality (code, name, district, mandates, registered_voters, valid_votes, blank_votes, null_votes) VALUES ('430100', 'ANGRA DO HEROÍSMO', 20, 7, 33236, 17878, 460, 159);
INSERT INTO public.municipality (code, name, district, mandates, registered_voters, valid_votes, blank_votes, null_votes) VALUES ('430200', 'VILA DA PRAIA DA VITÓRIA', 20, 7, 19367, 10284, 261, 99);
INSERT INTO public.municipality (code, name, district, mandates, registered_voters, valid_votes, blank_votes, null_votes) VALUES ('440100', 'SANTA CRUZ DA GRACIOSA', 20, 5, 3922, 2672, 44, 70);
INSERT INTO public.municipality (code, name, district, mandates, registered_voters, valid_votes, blank_votes, null_votes) VALUES ('450100', 'CALHETA', 20, 5, 3712, 2265, 64, 14);
INSERT INTO public.municipality (code, name, district, mandates, registered_voters, valid_votes, blank_votes, null_votes) VALUES ('450200', 'VELAS', 20, 5, 4969, 2933, 141, 57);
INSERT INTO public.municipality (code, name, district, mandates, registered_voters, valid_votes, blank_votes, null_votes) VALUES ('460100', 'LAJES DO PICO', 20, 5, 4468, 3073, 59, 45);
INSERT INTO public.municipality (code, name, district, mandates, registered_voters, valid_votes, blank_votes, null_votes) VALUES ('460200', 'MADALENA', 20, 5, 5962, 3755, 107, 19);
INSERT INTO public.municipality (code, name, district, mandates, registered_voters, valid_votes, blank_votes, null_votes) VALUES ('460300', 'SÃO ROQUE DO PICO', 20, 5, 3235, 2192, 45, 31);
INSERT INTO public.municipality (code, name, district, mandates, registered_voters, valid_votes, blank_votes, null_votes) VALUES ('470100', 'HORTA', 20, 7, 13044, 8237, 141, 60);
INSERT INTO public.municipality (code, name, district, mandates, registered_voters, valid_votes, blank_votes, null_votes) VALUES ('480100', 'LAJES DAS FLORES', 20, 5, 1284, 952, 28, 12);
INSERT INTO public.municipality (code, name, district, mandates, registered_voters, valid_votes, blank_votes, null_votes) VALUES ('480200', 'SANTA CRUZ DAS FLORES', 20, 5, 1831, 1253, 23, 18);
INSERT INTO public.municipality (code, name, district, mandates, registered_voters, valid_votes, blank_votes, null_votes) VALUES ('490100', 'CORVO', 20, 5, 346, 272, 5, 1);

INSERT INTO public.independent (municipality_code, shortname, name, votes) VALUES ('010300', 'MIAP', 'Movimento Independente Anadia Primeiro', '6231');
INSERT INTO public.independent (municipality_code, shortname, name, votes) VALUES ('010600', 'MPM', 'Mudar para Melhor', '1544');
INSERT INTO public.independent (municipality_code, shortname, name, votes) VALUES ('010600', 'UCPT', 'Um Concelho para Todos', '1164');
INSERT INTO public.independent (municipality_code, shortname, name, votes) VALUES ('011000', 'UPF', 'Unir Para Fazer', '5471');
INSERT INTO public.independent (municipality_code, shortname, name, votes) VALUES ('011100', 'MMMI', 'Mais e Melhor - Movimento Independente', '3615');
INSERT INTO public.independent (municipality_code, shortname, name, votes) VALUES ('020900', 'MCDM', 'Movimento Cidadãos a Direito por Mértola', '102');
INSERT INTO public.independent (municipality_code, shortname, name, votes) VALUES ('021400', 'MC', 'Grupo de Cidadãos Eleitores Mais Cidadãos', '772');
INSERT INTO public.independent (municipality_code, shortname, name, votes) VALUES ('030200', 'TB', 'TODOS BARCELOS', '3325');
INSERT INTO public.independent (municipality_code, shortname, name, votes) VALUES ('030400', 'IPC', 'Independentes por cabeceiras', '2973');
INSERT INTO public.independent (municipality_code, shortname, name, votes) VALUES ('030500', 'CIC', 'Cidadãos Independentes Por Celorico', '1496');
INSERT INTO public.independent (municipality_code, shortname, name, votes) VALUES ('040300', 'U.C.', 'Unidos Por Carrazeda', '1109');
INSERT INTO public.independent (municipality_code, shortname, name, votes) VALUES ('040500', 'UPM', 'Unidos Por Macedo', '597');
INSERT INTO public.independent (municipality_code, shortname, name, votes) VALUES ('050200', 'S-MI', 'SEMPRE-Movimento Independente', '8620');
INSERT INTO public.independent (municipality_code, shortname, name, votes) VALUES ('050500', 'MOV.PT', 'Movimento Para Todos', '1673');
INSERT INTO public.independent (municipality_code, shortname, name, votes) VALUES ('050600', 'MCO', 'Mais Concelho Oleiros', '1420');
INSERT INTO public.independent (municipality_code, shortname, name, votes) VALUES ('050700', 'IND', 'ABRAÇAR PENAMACOR', '1111');
INSERT INTO public.independent (municipality_code, shortname, name, votes) VALUES ('060300', 'CPC', 'Cidadãos por Coimbra', '4201');
INSERT INTO public.independent (municipality_code, shortname, name, votes) VALUES ('060600', 'I-Góis', 'Independentes por Góis', '816');
INSERT INTO public.independent (municipality_code, shortname, name, votes) VALUES ('070300', 'MUB', 'Movimento Unidos por Borba - MUB', '881');
INSERT INTO public.independent (municipality_code, shortname, name, votes) VALUES ('070400', 'MIETZ', 'MIETZ-Movimento Independente Por Estremoz', '2219');
INSERT INTO public.independent (municipality_code, shortname, name, votes) VALUES ('070600', 'MOV', 'Montemor-o-Vivo', '128');
INSERT INTO public.independent (municipality_code, shortname, name, votes) VALUES ('071000', 'MICRE', 'Movimento Independente do Concelho de Redondo', '950');
INSERT INTO public.independent (municipality_code, shortname, name, votes) VALUES ('071000', 'MVR', 'Movimento Viver Redondo', '357');
INSERT INTO public.independent (municipality_code, shortname, name, votes) VALUES ('080100', 'AP', 'Albufeira Prometida', '1617');
INSERT INTO public.independent (municipality_code, shortname, name, votes) VALUES ('080100', 'MIPA', 'Movimento Independente Por Albufeira', '2471');
INSERT INTO public.independent (municipality_code, shortname, name, votes) VALUES ('080300', 'R', 'Renascer', '1137');
INSERT INTO public.independent (municipality_code, shortname, name, votes) VALUES ('080600', 'MLP', 'Movimento Lagoa Primeiro', '1709');
INSERT INTO public.independent (municipality_code, shortname, name, votes) VALUES ('080900', 'CPM', 'Cidadãos por Monchique', '213');
INSERT INTO public.independent (municipality_code, shortname, name, votes) VALUES ('081500', 'SPCVB', 'Somos Pelo Concelho - Vila do Bispo', '837');
INSERT INTO public.independent (municipality_code, shortname, name, votes) VALUES ('090100', 'UPNT', 'Movimento Independente Unidos Pela Nossa Terra', '2195');
INSERT INTO public.independent (municipality_code, shortname, name, votes) VALUES ('090700', 'PG', 'Pela Guarda', '8565');
INSERT INTO public.independent (municipality_code, shortname, name, votes) VALUES ('090800', 'Manteigas 2030', 'Manteigas 2030', '758');
INSERT INTO public.independent (municipality_code, shortname, name, votes) VALUES ('091200', 'JPNT', 'Juntos Pela Nossa Terra', '2296');
INSERT INTO public.independent (municipality_code, shortname, name, votes) VALUES ('100200', 'VA', 'Vamos Alvaiázere', '402');
INSERT INTO public.independent (municipality_code, shortname, name, votes) VALUES ('100400', 'BTMI', 'BATALHA É DE TODOS MOVIMENTO INDEPENDENTE', '4282');
INSERT INTO public.independent (municipality_code, shortname, name, votes) VALUES ('100600', 'VM', 'Vamos Mudar', '9039');
INSERT INTO public.independent (municipality_code, shortname, name, votes) VALUES ('100700', 'MC21', 'Mudar Castanheira 21', '342');
INSERT INTO public.independent (municipality_code, shortname, name, votes) VALUES ('100800', 'MFI', 'Movimento Figueiró Independente', '718');
INSERT INTO public.independent (municipality_code, shortname, name, votes) VALUES ('101000', '+MPM', '+MPM Movimento pelo Concelho', '6408');
INSERT INTO public.independent (municipality_code, shortname, name, votes) VALUES ('101400', 'GCEPP', 'Grupo de cidadãos Eleitores por Peniche', '3712');
INSERT INTO public.independent (municipality_code, shortname, name, votes) VALUES ('110100', 'AFE', 'António Franco/Esperança', '1237');
INSERT INTO public.independent (municipality_code, shortname, name, votes) VALUES ('110600', 'STL', 'Somos Todos Lisboa - STL', '864');
INSERT INTO public.independent (municipality_code, shortname, name, votes) VALUES ('111000', 'IN-OV', 'ISALTINO INOVAR OEIRAS', '38924');
INSERT INTO public.independent (municipality_code, shortname, name, votes) VALUES ('111300', 'UTV', 'Unidos por Torres Vedras - Movimento Cívico', '8218');
INSERT INTO public.independent (municipality_code, shortname, name, votes) VALUES ('120300', 'GCA', 'Grupo de Cidadãos por Avis', '339');
INSERT INTO public.independent (municipality_code, shortname, name, votes) VALUES ('120700', 'MCPE', 'Movimento Cívico por Elvas', '3904');
INSERT INTO public.independent (municipality_code, shortname, name, votes) VALUES ('121400', 'CLIP', 'Candidatura Livre Independente por Portalegre', '3268');
INSERT INTO public.independent (municipality_code, shortname, name, votes) VALUES ('130800', 'ANTÓNIO PARADA SIM!', 'ANTÓNIO PARADA SIM!', '6877');
INSERT INTO public.independent (municipality_code, shortname, name, votes) VALUES ('130800', 'MI', 'Matosinhos Independente', '650');
INSERT INTO public.independent (municipality_code, shortname, name, votes) VALUES ('131200', 'RM', '"Rui Moreira: Aqui há Porto"', '41213');
INSERT INTO public.independent (municipality_code, shortname, name, votes) VALUES ('131600', 'NAU', 'ELISA FERRAZ - NÓS AVANÇAMOS UNIDOS', '13089');
INSERT INTO public.independent (municipality_code, shortname, name, votes) VALUES ('140100', 'ALTERNATIVAcom', 'Movimento ALTERNATIVAcom', '1622');
INSERT INTO public.independent (municipality_code, shortname, name, votes) VALUES ('141200', '2021ÉOANO', 'Grupo de Cidadãos Eleitores 2021 É O ANO', '1500');
INSERT INTO public.independent (municipality_code, shortname, name, votes) VALUES ('141900', 'MPNT', 'Movimento P´la Nossa Terra', '2882');
INSERT INTO public.independent (municipality_code, shortname, name, votes) VALUES ('142100', 'MOVE', 'Movimento Independente', '1316');
INSERT INTO public.independent (municipality_code, shortname, name, votes) VALUES ('150800', 'MCCP', 'Movimento de Cidadãos Pelo Concelho de Palmela', '3434');
INSERT INTO public.independent (municipality_code, shortname, name, votes) VALUES ('151100', 'MSU', 'MOVIMENTO SESIMBRA UNIDA', '979');
INSERT INTO public.independent (municipality_code, shortname, name, votes) VALUES ('151300', 'MAiSines', 'Movimento Alternativa Independente Sineense', '1585');
INSERT INTO public.independent (municipality_code, shortname, name, votes) VALUES ('160700', 'M51', 'Movimento 51', '1071');
INSERT INTO public.independent (municipality_code, shortname, name, votes) VALUES ('160700', 'PLMT', 'Ponte de Lima Minha Terra', '7689');
INSERT INTO public.independent (municipality_code, shortname, name, votes) VALUES ('160700', 'VIRAMILHO', 'Associação VIRAMILHO', '1625');
INSERT INTO public.independent (municipality_code, shortname, name, votes) VALUES ('160800', 'jmfv', 'José Monte - Fortalecer Valença', '1745');
INSERT INTO public.independent (municipality_code, shortname, name, votes) VALUES ('161000', 'Pence', 'Movimento Independente Pensar Cerveira', '2478');
INSERT INTO public.independent (municipality_code, shortname, name, votes) VALUES ('170200', 'I', 'Independente- I', '643');
INSERT INTO public.independent (municipality_code, shortname, name, votes) VALUES ('170400', 'MMMF', 'Movimento Mais Mesão Frio', '842');
INSERT INTO public.independent (municipality_code, shortname, name, votes) VALUES ('171000', 'JÁ!', 'Trabalho, cooperação e Futuro com todos!', '1153');
INSERT INTO public.independent (municipality_code, shortname, name, votes) VALUES ('171000', 'JF', 'Justiça e Futuro', '126');
INSERT INTO public.independent (municipality_code, shortname, name, votes) VALUES ('180100', 'PNT', 'Pela Nossa Terra', '1153');
INSERT INTO public.independent (municipality_code, shortname, name, votes) VALUES ('180200', 'CICC', 'Cidadãos Independentes pelo Concelho de Carregal', '1280');
INSERT INTO public.independent (municipality_code, shortname, name, votes) VALUES ('180800', 'RM', 'Renovar Mortágua', '1692');
INSERT INTO public.independent (municipality_code, shortname, name, votes) VALUES ('181200', 'MP', 'Mais Penedono - José Ângelo Pinto', '272');
INSERT INTO public.independent (municipality_code, shortname, name, votes) VALUES ('181500', 'PNT', 'Pela Nossa Terra', '2677');
INSERT INTO public.independent (municipality_code, shortname, name, votes) VALUES ('182000', 'MCAT', '"Movimento de Cidadãos Amar Tarouca - MCAT"', '1514');
INSERT INTO public.independent (municipality_code, shortname, name, votes) VALUES ('310700', 'RB1', 'Ribeira Brava em Primeiro', '4698');
INSERT INTO public.independent (municipality_code, shortname, name, votes) VALUES ('320100', 'UNE', 'Uma Nova Esperança', '549');
INSERT INTO public.independent (municipality_code, shortname, name, votes) VALUES ('430200', 'PV', 'Esta é a nossa Praia', '1011');
INSERT INTO public.independent (municipality_code, shortname, name, votes) VALUES ('450100', '«CCALHETA»', 'Independentes DAR VIDA AO CONCELHO', '1245');
INSERT INTO public.independent (municipality_code, shortname, name, votes) VALUES ('470100', 'SF', 'Somos Faial', '124');
INSERT INTO public.independent (municipality_code, shortname, name, votes) VALUES ('060500', 'FAP', 'Figueira A Primeira', '12529');
INSERT INTO public.independent (municipality_code, shortname, name, votes) VALUES ('081600', 'CICF', 'Candidatura Independente Construir o Futuro', '715');
INSERT INTO public.independent (municipality_code, shortname, name, votes) VALUES ('140500', 'CIMB', 'Candidatura Independente pelo Município de. Benavente', '527');

INSERT INTO public.coalition_member (municipality_code, coalition_shortname, order_number, party_id) VALUES ('010100', 'PPD/PSD.MPT', 1, 15);
INSERT INTO public.coalition_member (municipality_code, coalition_shortname, order_number, party_id) VALUES ('010100', 'PPD/PSD.MPT', 2, 10);
INSERT INTO public.coalition_member (municipality_code, coalition_shortname, order_number, party_id) VALUES ('010400', 'PPD/PSD.CDS-PP.PPM.IL', 1, 15);
INSERT INTO public.coalition_member (municipality_code, coalition_shortname, order_number, party_id) VALUES ('010400', 'PPD/PSD.CDS-PP.PPM.IL', 2, 3);
INSERT INTO public.coalition_member (municipality_code, coalition_shortname, order_number, party_id) VALUES ('010400', 'PPD/PSD.CDS-PP.PPM.IL', 3, 16);
INSERT INTO public.coalition_member (municipality_code, coalition_shortname, order_number, party_id) VALUES ('010400', 'PPD/PSD.CDS-PP.PPM.IL', 4, 6);
INSERT INTO public.coalition_member (municipality_code, coalition_shortname, order_number, party_id) VALUES ('010500', 'PPD/PSD.CDS-PP.PPM', 1, 15);
INSERT INTO public.coalition_member (municipality_code, coalition_shortname, order_number, party_id) VALUES ('010500', 'PPD/PSD.CDS-PP.PPM', 2, 3);
INSERT INTO public.coalition_member (municipality_code, coalition_shortname, order_number, party_id) VALUES ('010500', 'PPD/PSD.CDS-PP.PPM', 3, 16);
INSERT INTO public.coalition_member (municipality_code, coalition_shortname, order_number, party_id) VALUES ('010500', 'PS.PAN', 1, 17);
INSERT INTO public.coalition_member (municipality_code, coalition_shortname, order_number, party_id) VALUES ('010500', 'PS.PAN', 2, 12);
INSERT INTO public.coalition_member (municipality_code, coalition_shortname, order_number, party_id) VALUES ('010800', 'PPD/PSD.CDS-PP', 1, 15);
INSERT INTO public.coalition_member (municipality_code, coalition_shortname, order_number, party_id) VALUES ('010800', 'PPD/PSD.CDS-PP', 2, 3);
INSERT INTO public.coalition_member (municipality_code, coalition_shortname, order_number, party_id) VALUES ('011100', 'PPD/PSD.CDS-PP.IL.MPT.PPM', 1, 15);
INSERT INTO public.coalition_member (municipality_code, coalition_shortname, order_number, party_id) VALUES ('011100', 'PPD/PSD.CDS-PP.IL.MPT.PPM', 2, 3);
INSERT INTO public.coalition_member (municipality_code, coalition_shortname, order_number, party_id) VALUES ('011100', 'PPD/PSD.CDS-PP.IL.MPT.PPM', 3, 6);
INSERT INTO public.coalition_member (municipality_code, coalition_shortname, order_number, party_id) VALUES ('011100', 'PPD/PSD.CDS-PP.IL.MPT.PPM', 4, 10);
INSERT INTO public.coalition_member (municipality_code, coalition_shortname, order_number, party_id) VALUES ('011100', 'PPD/PSD.CDS-PP.IL.MPT.PPM', 5, 16);
INSERT INTO public.coalition_member (municipality_code, coalition_shortname, order_number, party_id) VALUES ('011300', 'PPD/PSD.CDS-PP', 1, 15);
INSERT INTO public.coalition_member (municipality_code, coalition_shortname, order_number, party_id) VALUES ('011300', 'PPD/PSD.CDS-PP', 2, 3);
INSERT INTO public.coalition_member (municipality_code, coalition_shortname, order_number, party_id) VALUES ('011500', 'NC.PPM', 1, 11);
INSERT INTO public.coalition_member (municipality_code, coalition_shortname, order_number, party_id) VALUES ('011500', 'NC.PPM', 2, 16);
INSERT INTO public.coalition_member (municipality_code, coalition_shortname, order_number, party_id) VALUES ('011600', 'PPD/PSD.CDS-PP.IL', 1, 15);
INSERT INTO public.coalition_member (municipality_code, coalition_shortname, order_number, party_id) VALUES ('011600', 'PPD/PSD.CDS-PP.IL', 2, 3);
INSERT INTO public.coalition_member (municipality_code, coalition_shortname, order_number, party_id) VALUES ('011600', 'PPD/PSD.CDS-PP.IL', 3, 6);
INSERT INTO public.coalition_member (municipality_code, coalition_shortname, order_number, party_id) VALUES ('020100', 'PPD/PSD.CDS-PP.PPM.A', 1, 15);
INSERT INTO public.coalition_member (municipality_code, coalition_shortname, order_number, party_id) VALUES ('020100', 'PPD/PSD.CDS-PP.PPM.A', 2, 3);
INSERT INTO public.coalition_member (municipality_code, coalition_shortname, order_number, party_id) VALUES ('020100', 'PPD/PSD.CDS-PP.PPM.A', 3, 16);
INSERT INTO public.coalition_member (municipality_code, coalition_shortname, order_number, party_id) VALUES ('020100', 'PPD/PSD.CDS-PP.PPM.A', 4, 1);
INSERT INTO public.coalition_member (municipality_code, coalition_shortname, order_number, party_id) VALUES ('020300', 'PPD/PSD.CDS-PP.A', 1, 15);
INSERT INTO public.coalition_member (municipality_code, coalition_shortname, order_number, party_id) VALUES ('020300', 'PPD/PSD.CDS-PP.A', 2, 3);
INSERT INTO public.coalition_member (municipality_code, coalition_shortname, order_number, party_id) VALUES ('020300', 'PPD/PSD.CDS-PP.A', 3, 1);
INSERT INTO public.coalition_member (municipality_code, coalition_shortname, order_number, party_id) VALUES ('020400', 'PPD/PSD.CDS-PP', 1, 15);
INSERT INTO public.coalition_member (municipality_code, coalition_shortname, order_number, party_id) VALUES ('020400', 'PPD/PSD.CDS-PP', 2, 3);
INSERT INTO public.coalition_member (municipality_code, coalition_shortname, order_number, party_id) VALUES ('020500', 'PPD/PSD.CDS-PP.PPM.IL.A', 1, 15);
INSERT INTO public.coalition_member (municipality_code, coalition_shortname, order_number, party_id) VALUES ('020500', 'PPD/PSD.CDS-PP.PPM.IL.A', 2, 3);
INSERT INTO public.coalition_member (municipality_code, coalition_shortname, order_number, party_id) VALUES ('020500', 'PPD/PSD.CDS-PP.PPM.IL.A', 3, 16);
INSERT INTO public.coalition_member (municipality_code, coalition_shortname, order_number, party_id) VALUES ('020500', 'PPD/PSD.CDS-PP.PPM.IL.A', 4, 6);
INSERT INTO public.coalition_member (municipality_code, coalition_shortname, order_number, party_id) VALUES ('020500', 'PPD/PSD.CDS-PP.PPM.IL.A', 5, 1);
INSERT INTO public.coalition_member (municipality_code, coalition_shortname, order_number, party_id) VALUES ('020700', 'PPD/PSD.CDS-PP.PPM', 1, 15);
INSERT INTO public.coalition_member (municipality_code, coalition_shortname, order_number, party_id) VALUES ('020700', 'PPD/PSD.CDS-PP.PPM', 2, 3);
INSERT INTO public.coalition_member (municipality_code, coalition_shortname, order_number, party_id) VALUES ('020700', 'PPD/PSD.CDS-PP.PPM', 3, 16);
INSERT INTO public.coalition_member (municipality_code, coalition_shortname, order_number, party_id) VALUES ('020800', 'PPD/PSD.CDS-PP', 1, 15);
INSERT INTO public.coalition_member (municipality_code, coalition_shortname, order_number, party_id) VALUES ('020800', 'PPD/PSD.CDS-PP', 2, 3);
INSERT INTO public.coalition_member (municipality_code, coalition_shortname, order_number, party_id) VALUES ('020900', 'NC.RIR', 1, 11);
INSERT INTO public.coalition_member (municipality_code, coalition_shortname, order_number, party_id) VALUES ('020900', 'NC.RIR', 2, 19);
INSERT INTO public.coalition_member (municipality_code, coalition_shortname, order_number, party_id) VALUES ('021000', 'PPD/PSD.CDS-PP.A', 1, 15);
INSERT INTO public.coalition_member (municipality_code, coalition_shortname, order_number, party_id) VALUES ('021000', 'PPD/PSD.CDS-PP.A', 2, 3);
INSERT INTO public.coalition_member (municipality_code, coalition_shortname, order_number, party_id) VALUES ('021000', 'PPD/PSD.CDS-PP.A', 3, 1);
INSERT INTO public.coalition_member (municipality_code, coalition_shortname, order_number, party_id) VALUES ('021100', 'PPD/PSD.CDS-PP', 1, 15);
INSERT INTO public.coalition_member (municipality_code, coalition_shortname, order_number, party_id) VALUES ('021100', 'PPD/PSD.CDS-PP', 2, 3);
INSERT INTO public.coalition_member (municipality_code, coalition_shortname, order_number, party_id) VALUES ('021300', 'PPD/PSD.CDS-PP', 1, 15);
INSERT INTO public.coalition_member (municipality_code, coalition_shortname, order_number, party_id) VALUES ('021300', 'PPD/PSD.CDS-PP', 2, 3);
INSERT INTO public.coalition_member (municipality_code, coalition_shortname, order_number, party_id) VALUES ('030100', 'PPD/PSD.CDS-PP', 1, 15);
INSERT INTO public.coalition_member (municipality_code, coalition_shortname, order_number, party_id) VALUES ('030100', 'PPD/PSD.CDS-PP', 2, 3);
INSERT INTO public.coalition_member (municipality_code, coalition_shortname, order_number, party_id) VALUES ('030200', 'PPD/PSD.CDS-PP', 1, 15);
INSERT INTO public.coalition_member (municipality_code, coalition_shortname, order_number, party_id) VALUES ('030200', 'PPD/PSD.CDS-PP', 2, 3);
INSERT INTO public.coalition_member (municipality_code, coalition_shortname, order_number, party_id) VALUES ('030300', 'PPD/PSD.CDS-PP.PPM.A', 1, 15);
INSERT INTO public.coalition_member (municipality_code, coalition_shortname, order_number, party_id) VALUES ('030300', 'PPD/PSD.CDS-PP.PPM.A', 2, 3);
INSERT INTO public.coalition_member (municipality_code, coalition_shortname, order_number, party_id) VALUES ('030300', 'PPD/PSD.CDS-PP.PPM.A', 3, 16);
INSERT INTO public.coalition_member (municipality_code, coalition_shortname, order_number, party_id) VALUES ('030300', 'PPD/PSD.CDS-PP.PPM.A', 4, 1);
INSERT INTO public.coalition_member (municipality_code, coalition_shortname, order_number, party_id) VALUES ('030400', 'PPD/PSD.CDS-PP', 1, 15);
INSERT INTO public.coalition_member (municipality_code, coalition_shortname, order_number, party_id) VALUES ('030400', 'PPD/PSD.CDS-PP', 2, 3);
INSERT INTO public.coalition_member (municipality_code, coalition_shortname, order_number, party_id) VALUES ('030800', 'PPD/PSD.CDS-PP', 1, 15);
INSERT INTO public.coalition_member (municipality_code, coalition_shortname, order_number, party_id) VALUES ('030800', 'PPD/PSD.CDS-PP', 2, 3);
INSERT INTO public.coalition_member (municipality_code, coalition_shortname, order_number, party_id) VALUES ('031200', 'PPD/PSD.CDS-PP', 1, 15);
INSERT INTO public.coalition_member (municipality_code, coalition_shortname, order_number, party_id) VALUES ('031200', 'PPD/PSD.CDS-PP', 2, 3);
INSERT INTO public.coalition_member (municipality_code, coalition_shortname, order_number, party_id) VALUES ('031400', 'PPD/PSD.CDS-PP', 1, 15);
INSERT INTO public.coalition_member (municipality_code, coalition_shortname, order_number, party_id) VALUES ('031400', 'PPD/PSD.CDS-PP', 2, 3);
INSERT INTO public.coalition_member (municipality_code, coalition_shortname, order_number, party_id) VALUES ('040100', 'PPD/PSD.CDS-PP', 1, 15);
INSERT INTO public.coalition_member (municipality_code, coalition_shortname, order_number, party_id) VALUES ('040100', 'PPD/PSD.CDS-PP', 2, 3);
INSERT INTO public.coalition_member (municipality_code, coalition_shortname, order_number, party_id) VALUES ('040500', 'PPD/PSD.CDS-PP', 1, 15);
INSERT INTO public.coalition_member (municipality_code, coalition_shortname, order_number, party_id) VALUES ('040500', 'PPD/PSD.CDS-PP', 2, 3);
INSERT INTO public.coalition_member (municipality_code, coalition_shortname, order_number, party_id) VALUES ('040600', 'PPD/PSD.CDS-PP', 1, 15);
INSERT INTO public.coalition_member (municipality_code, coalition_shortname, order_number, party_id) VALUES ('040600', 'PPD/PSD.CDS-PP', 2, 3);
INSERT INTO public.coalition_member (municipality_code, coalition_shortname, order_number, party_id) VALUES ('040900', 'NC.A', 1, 11);
INSERT INTO public.coalition_member (municipality_code, coalition_shortname, order_number, party_id) VALUES ('040900', 'NC.A', 2, 1);
INSERT INTO public.coalition_member (municipality_code, coalition_shortname, order_number, party_id) VALUES ('040900', 'PPD/PSD.CDS-PP', 1, 15);
INSERT INTO public.coalition_member (municipality_code, coalition_shortname, order_number, party_id) VALUES ('040900', 'PPD/PSD.CDS-PP', 2, 3);
INSERT INTO public.coalition_member (municipality_code, coalition_shortname, order_number, party_id) VALUES ('041000', 'PPD/PSD.CDS-PP', 1, 15);
INSERT INTO public.coalition_member (municipality_code, coalition_shortname, order_number, party_id) VALUES ('041000', 'PPD/PSD.CDS-PP', 2, 3);
INSERT INTO public.coalition_member (municipality_code, coalition_shortname, order_number, party_id) VALUES ('041200', 'PPD/PSD.CDS-PP', 1, 15);
INSERT INTO public.coalition_member (municipality_code, coalition_shortname, order_number, party_id) VALUES ('041200', 'PPD/PSD.CDS-PP', 2, 3);
INSERT INTO public.coalition_member (municipality_code, coalition_shortname, order_number, party_id) VALUES ('050200', 'PPD/PSD.CDS-PP.PPM', 1, 15);
INSERT INTO public.coalition_member (municipality_code, coalition_shortname, order_number, party_id) VALUES ('050200', 'PPD/PSD.CDS-PP.PPM', 2, 3);
INSERT INTO public.coalition_member (municipality_code, coalition_shortname, order_number, party_id) VALUES ('050200', 'PPD/PSD.CDS-PP.PPM', 3, 16);
INSERT INTO public.coalition_member (municipality_code, coalition_shortname, order_number, party_id) VALUES ('050300', 'CDS-PP.PPD/PSD.IL', 1, 3);
INSERT INTO public.coalition_member (municipality_code, coalition_shortname, order_number, party_id) VALUES ('050300', 'CDS-PP.PPD/PSD.IL', 2, 15);
INSERT INTO public.coalition_member (municipality_code, coalition_shortname, order_number, party_id) VALUES ('050300', 'CDS-PP.PPD/PSD.IL', 3, 6);
INSERT INTO public.coalition_member (municipality_code, coalition_shortname, order_number, party_id) VALUES ('050300', 'MPT.PPM.A', 1, 10);
INSERT INTO public.coalition_member (municipality_code, coalition_shortname, order_number, party_id) VALUES ('050300', 'MPT.PPM.A', 2, 16);
INSERT INTO public.coalition_member (municipality_code, coalition_shortname, order_number, party_id) VALUES ('050300', 'MPT.PPM.A', 3, 1);
INSERT INTO public.coalition_member (municipality_code, coalition_shortname, order_number, party_id) VALUES ('050800', 'PPD/PSD.CDS-PP', 1, 15);
INSERT INTO public.coalition_member (municipality_code, coalition_shortname, order_number, party_id) VALUES ('050800', 'PPD/PSD.CDS-PP', 2, 3);
INSERT INTO public.coalition_member (municipality_code, coalition_shortname, order_number, party_id) VALUES ('051100', 'PPD/PSD.CDS-PP', 1, 15);
INSERT INTO public.coalition_member (municipality_code, coalition_shortname, order_number, party_id) VALUES ('051100', 'PPD/PSD.CDS-PP', 2, 3);
INSERT INTO public.coalition_member (municipality_code, coalition_shortname, order_number, party_id) VALUES ('060300', 'PDR.MPT', 1, 14);
INSERT INTO public.coalition_member (municipality_code, coalition_shortname, order_number, party_id) VALUES ('060300', 'PDR.MPT', 2, 10);
INSERT INTO public.coalition_member (municipality_code, coalition_shortname, order_number, party_id) VALUES ('060300', 'PPD/PSD.CDS-PP.NC.PPM.A.RIR.VP', 1, 15);
INSERT INTO public.coalition_member (municipality_code, coalition_shortname, order_number, party_id) VALUES ('060300', 'PPD/PSD.CDS-PP.NC.PPM.A.RIR.VP', 2, 3);
INSERT INTO public.coalition_member (municipality_code, coalition_shortname, order_number, party_id) VALUES ('060300', 'PPD/PSD.CDS-PP.NC.PPM.A.RIR.VP', 3, 11);
INSERT INTO public.coalition_member (municipality_code, coalition_shortname, order_number, party_id) VALUES ('060300', 'PPD/PSD.CDS-PP.NC.PPM.A.RIR.VP', 4, 16);
INSERT INTO public.coalition_member (municipality_code, coalition_shortname, order_number, party_id) VALUES ('060300', 'PPD/PSD.CDS-PP.NC.PPM.A.RIR.VP', 5, 1);
INSERT INTO public.coalition_member (municipality_code, coalition_shortname, order_number, party_id) VALUES ('060300', 'PPD/PSD.CDS-PP.NC.PPM.A.RIR.VP', 6, 19);
INSERT INTO public.coalition_member (municipality_code, coalition_shortname, order_number, party_id) VALUES ('060300', 'PPD/PSD.CDS-PP.NC.PPM.A.RIR.VP', 7, 20);
INSERT INTO public.coalition_member (municipality_code, coalition_shortname, order_number, party_id) VALUES ('060900', 'PPD/PSD.PPM', 1, 15);
INSERT INTO public.coalition_member (municipality_code, coalition_shortname, order_number, party_id) VALUES ('060900', 'PPD/PSD.PPM', 2, 16);
INSERT INTO public.coalition_member (municipality_code, coalition_shortname, order_number, party_id) VALUES ('061000', 'PPD/PSD.CDS-PP', 1, 15);
INSERT INTO public.coalition_member (municipality_code, coalition_shortname, order_number, party_id) VALUES ('061000', 'PPD/PSD.CDS-PP', 2, 3);
INSERT INTO public.coalition_member (municipality_code, coalition_shortname, order_number, party_id) VALUES ('061100', 'PPD/PSD.CDS-PP', 1, 15);
INSERT INTO public.coalition_member (municipality_code, coalition_shortname, order_number, party_id) VALUES ('061100', 'PPD/PSD.CDS-PP', 2, 3);
INSERT INTO public.coalition_member (municipality_code, coalition_shortname, order_number, party_id) VALUES ('061600', 'PPD/PSD.CDS-PP', 1, 15);
INSERT INTO public.coalition_member (municipality_code, coalition_shortname, order_number, party_id) VALUES ('061600', 'PPD/PSD.CDS-PP', 2, 3);
INSERT INTO public.coalition_member (municipality_code, coalition_shortname, order_number, party_id) VALUES ('070200', 'PPD/PSD.CDS-PP', 1, 15);
INSERT INTO public.coalition_member (municipality_code, coalition_shortname, order_number, party_id) VALUES ('070200', 'PPD/PSD.CDS-PP', 2, 3);
INSERT INTO public.coalition_member (municipality_code, coalition_shortname, order_number, party_id) VALUES ('070400', 'MPT.A.RIR', 1, 10);
INSERT INTO public.coalition_member (municipality_code, coalition_shortname, order_number, party_id) VALUES ('070400', 'MPT.A.RIR', 2, 1);
INSERT INTO public.coalition_member (municipality_code, coalition_shortname, order_number, party_id) VALUES ('070400', 'MPT.A.RIR', 3, 19);
INSERT INTO public.coalition_member (municipality_code, coalition_shortname, order_number, party_id) VALUES ('070400', 'PPD/PSD.CDS-PP.PPM', 1, 15);
INSERT INTO public.coalition_member (municipality_code, coalition_shortname, order_number, party_id) VALUES ('070400', 'PPD/PSD.CDS-PP.PPM', 2, 3);
INSERT INTO public.coalition_member (municipality_code, coalition_shortname, order_number, party_id) VALUES ('070400', 'PPD/PSD.CDS-PP.PPM', 3, 16);
INSERT INTO public.coalition_member (municipality_code, coalition_shortname, order_number, party_id) VALUES ('070600', 'CDS-PP.PPD/PSD', 1, 3);
INSERT INTO public.coalition_member (municipality_code, coalition_shortname, order_number, party_id) VALUES ('070600', 'CDS-PP.PPD/PSD', 2, 15);
INSERT INTO public.coalition_member (municipality_code, coalition_shortname, order_number, party_id) VALUES ('070700', 'CDS-PP.PPD/PSD.PPM', 1, 3);
INSERT INTO public.coalition_member (municipality_code, coalition_shortname, order_number, party_id) VALUES ('070700', 'CDS-PP.PPD/PSD.PPM', 2, 15);
INSERT INTO public.coalition_member (municipality_code, coalition_shortname, order_number, party_id) VALUES ('070700', 'CDS-PP.PPD/PSD.PPM', 3, 16);
INSERT INTO public.coalition_member (municipality_code, coalition_shortname, order_number, party_id) VALUES ('070800', 'PPD/PSD.CDS-PP', 1, 15);
INSERT INTO public.coalition_member (municipality_code, coalition_shortname, order_number, party_id) VALUES ('070800', 'PPD/PSD.CDS-PP', 2, 3);
INSERT INTO public.coalition_member (municipality_code, coalition_shortname, order_number, party_id) VALUES ('071000', 'PPD/PSD.CDS-PP', 1, 15);
INSERT INTO public.coalition_member (municipality_code, coalition_shortname, order_number, party_id) VALUES ('071000', 'PPD/PSD.CDS-PP', 2, 3);
INSERT INTO public.coalition_member (municipality_code, coalition_shortname, order_number, party_id) VALUES ('071400', 'PPD/PSD.CDS-PP.MPT.PPM', 1, 15);
INSERT INTO public.coalition_member (municipality_code, coalition_shortname, order_number, party_id) VALUES ('071400', 'PPD/PSD.CDS-PP.MPT.PPM', 2, 3);
INSERT INTO public.coalition_member (municipality_code, coalition_shortname, order_number, party_id) VALUES ('071400', 'PPD/PSD.CDS-PP.MPT.PPM', 3, 10);
INSERT INTO public.coalition_member (municipality_code, coalition_shortname, order_number, party_id) VALUES ('071400', 'PPD/PSD.CDS-PP.MPT.PPM', 4, 16);
INSERT INTO public.coalition_member (municipality_code, coalition_shortname, order_number, party_id) VALUES ('080100', 'PPD/PSD.CDS-PP.MPT.PPM', 1, 15);
INSERT INTO public.coalition_member (municipality_code, coalition_shortname, order_number, party_id) VALUES ('080100', 'PPD/PSD.CDS-PP.MPT.PPM', 2, 3);
INSERT INTO public.coalition_member (municipality_code, coalition_shortname, order_number, party_id) VALUES ('080100', 'PPD/PSD.CDS-PP.MPT.PPM', 3, 10);
INSERT INTO public.coalition_member (municipality_code, coalition_shortname, order_number, party_id) VALUES ('080100', 'PPD/PSD.CDS-PP.MPT.PPM', 4, 16);
INSERT INTO public.coalition_member (municipality_code, coalition_shortname, order_number, party_id) VALUES ('080700', 'NC.A', 1, 11);
INSERT INTO public.coalition_member (municipality_code, coalition_shortname, order_number, party_id) VALUES ('080700', 'NC.A', 2, 1);
INSERT INTO public.coalition_member (municipality_code, coalition_shortname, order_number, party_id) VALUES ('080800', 'PPD/PSD.CDS-PP.MPT.PPM', 1, 15);
INSERT INTO public.coalition_member (municipality_code, coalition_shortname, order_number, party_id) VALUES ('080800', 'PPD/PSD.CDS-PP.MPT.PPM', 2, 3);
INSERT INTO public.coalition_member (municipality_code, coalition_shortname, order_number, party_id) VALUES ('080800', 'PPD/PSD.CDS-PP.MPT.PPM', 3, 10);
INSERT INTO public.coalition_member (municipality_code, coalition_shortname, order_number, party_id) VALUES ('080800', 'PPD/PSD.CDS-PP.MPT.PPM', 4, 16);
INSERT INTO public.coalition_member (municipality_code, coalition_shortname, order_number, party_id) VALUES ('081000', 'PPD/PSD.MPT.PPM.A', 1, 15);
INSERT INTO public.coalition_member (municipality_code, coalition_shortname, order_number, party_id) VALUES ('081000', 'PPD/PSD.MPT.PPM.A', 2, 10);
INSERT INTO public.coalition_member (municipality_code, coalition_shortname, order_number, party_id) VALUES ('081000', 'PPD/PSD.MPT.PPM.A', 3, 16);
INSERT INTO public.coalition_member (municipality_code, coalition_shortname, order_number, party_id) VALUES ('081000', 'PPD/PSD.MPT.PPM.A', 4, 1);
INSERT INTO public.coalition_member (municipality_code, coalition_shortname, order_number, party_id) VALUES ('081100', 'CDS-PP.NC.A', 1, 3);
INSERT INTO public.coalition_member (municipality_code, coalition_shortname, order_number, party_id) VALUES ('081100', 'CDS-PP.NC.A', 2, 11);
INSERT INTO public.coalition_member (municipality_code, coalition_shortname, order_number, party_id) VALUES ('081100', 'CDS-PP.NC.A', 3, 1);
INSERT INTO public.coalition_member (municipality_code, coalition_shortname, order_number, party_id) VALUES ('081100', 'PPD/PSD.MPT.PPM', 1, 15);
INSERT INTO public.coalition_member (municipality_code, coalition_shortname, order_number, party_id) VALUES ('081100', 'PPD/PSD.MPT.PPM', 2, 10);
INSERT INTO public.coalition_member (municipality_code, coalition_shortname, order_number, party_id) VALUES ('081100', 'PPD/PSD.MPT.PPM', 3, 16);
INSERT INTO public.coalition_member (municipality_code, coalition_shortname, order_number, party_id) VALUES ('081300', 'CDS-PP.PPM.A', 1, 3);
INSERT INTO public.coalition_member (municipality_code, coalition_shortname, order_number, party_id) VALUES ('081300', 'CDS-PP.PPM.A', 2, 16);
INSERT INTO public.coalition_member (municipality_code, coalition_shortname, order_number, party_id) VALUES ('081300', 'CDS-PP.PPM.A', 3, 1);
INSERT INTO public.coalition_member (municipality_code, coalition_shortname, order_number, party_id) VALUES ('081500', 'PPD/PSD.CDS-PP.MPT.PPM', 1, 15);
INSERT INTO public.coalition_member (municipality_code, coalition_shortname, order_number, party_id) VALUES ('081500', 'PPD/PSD.CDS-PP.MPT.PPM', 2, 3);
INSERT INTO public.coalition_member (municipality_code, coalition_shortname, order_number, party_id) VALUES ('081500', 'PPD/PSD.CDS-PP.MPT.PPM', 3, 10);
INSERT INTO public.coalition_member (municipality_code, coalition_shortname, order_number, party_id) VALUES ('081500', 'PPD/PSD.CDS-PP.MPT.PPM', 4, 16);
INSERT INTO public.coalition_member (municipality_code, coalition_shortname, order_number, party_id) VALUES ('090500', 'PPD/PSD.CDS-PP', 1, 15);
INSERT INTO public.coalition_member (municipality_code, coalition_shortname, order_number, party_id) VALUES ('090500', 'PPD/PSD.CDS-PP', 2, 3);
INSERT INTO public.coalition_member (municipality_code, coalition_shortname, order_number, party_id) VALUES ('090900', 'PPD/PSD.CDS-PP', 1, 15);
INSERT INTO public.coalition_member (municipality_code, coalition_shortname, order_number, party_id) VALUES ('090900', 'PPD/PSD.CDS-PP', 2, 3);
INSERT INTO public.coalition_member (municipality_code, coalition_shortname, order_number, party_id) VALUES ('091300', 'PPD/PSD.CDS-PP', 1, 15);
INSERT INTO public.coalition_member (municipality_code, coalition_shortname, order_number, party_id) VALUES ('091300', 'PPD/PSD.CDS-PP', 2, 3);
INSERT INTO public.coalition_member (municipality_code, coalition_shortname, order_number, party_id) VALUES ('100600', 'CDS-PP.MPT.PPM.NC', 1, 3);
INSERT INTO public.coalition_member (municipality_code, coalition_shortname, order_number, party_id) VALUES ('100600', 'CDS-PP.MPT.PPM.NC', 2, 10);
INSERT INTO public.coalition_member (municipality_code, coalition_shortname, order_number, party_id) VALUES ('100600', 'CDS-PP.MPT.PPM.NC', 3, 16);
INSERT INTO public.coalition_member (municipality_code, coalition_shortname, order_number, party_id) VALUES ('100600', 'CDS-PP.MPT.PPM.NC', 4, 11);
INSERT INTO public.coalition_member (municipality_code, coalition_shortname, order_number, party_id) VALUES ('100700', 'PPD/PSD.CDS-PP', 1, 15);
INSERT INTO public.coalition_member (municipality_code, coalition_shortname, order_number, party_id) VALUES ('100700', 'PPD/PSD.CDS-PP', 2, 3);
INSERT INTO public.coalition_member (municipality_code, coalition_shortname, order_number, party_id) VALUES ('100900', 'CDS-PP.MPT', 1, 3);
INSERT INTO public.coalition_member (municipality_code, coalition_shortname, order_number, party_id) VALUES ('100900', 'CDS-PP.MPT', 2, 10);
INSERT INTO public.coalition_member (municipality_code, coalition_shortname, order_number, party_id) VALUES ('101200', 'MPT.PDR', 1, 10);
INSERT INTO public.coalition_member (municipality_code, coalition_shortname, order_number, party_id) VALUES ('101200', 'MPT.PDR', 2, 14);
INSERT INTO public.coalition_member (municipality_code, coalition_shortname, order_number, party_id) VALUES ('110100', 'CDS-PP.NC.MPT.A.PPM', 1, 3);
INSERT INTO public.coalition_member (municipality_code, coalition_shortname, order_number, party_id) VALUES ('110100', 'CDS-PP.NC.MPT.A.PPM', 2, 11);
INSERT INTO public.coalition_member (municipality_code, coalition_shortname, order_number, party_id) VALUES ('110100', 'CDS-PP.NC.MPT.A.PPM', 3, 10);
INSERT INTO public.coalition_member (municipality_code, coalition_shortname, order_number, party_id) VALUES ('110100', 'CDS-PP.NC.MPT.A.PPM', 4, 1);
INSERT INTO public.coalition_member (municipality_code, coalition_shortname, order_number, party_id) VALUES ('110100', 'CDS-PP.NC.MPT.A.PPM', 5, 16);
INSERT INTO public.coalition_member (municipality_code, coalition_shortname, order_number, party_id) VALUES ('110200', 'PPD/PSD.CDS-PP', 1, 15);
INSERT INTO public.coalition_member (municipality_code, coalition_shortname, order_number, party_id) VALUES ('110200', 'PPD/PSD.CDS-PP', 2, 3);
INSERT INTO public.coalition_member (municipality_code, coalition_shortname, order_number, party_id) VALUES ('110300', 'PPD/PSD.CDS-PP.MPT.PPM', 1, 15);
INSERT INTO public.coalition_member (municipality_code, coalition_shortname, order_number, party_id) VALUES ('110300', 'PPD/PSD.CDS-PP.MPT.PPM', 2, 3);
INSERT INTO public.coalition_member (municipality_code, coalition_shortname, order_number, party_id) VALUES ('110300', 'PPD/PSD.CDS-PP.MPT.PPM', 3, 10);
INSERT INTO public.coalition_member (municipality_code, coalition_shortname, order_number, party_id) VALUES ('110300', 'PPD/PSD.CDS-PP.MPT.PPM', 4, 16);
INSERT INTO public.coalition_member (municipality_code, coalition_shortname, order_number, party_id) VALUES ('110500', 'NC.PPM', 1, 11);
INSERT INTO public.coalition_member (municipality_code, coalition_shortname, order_number, party_id) VALUES ('110500', 'NC.PPM', 2, 16);
INSERT INTO public.coalition_member (municipality_code, coalition_shortname, order_number, party_id) VALUES ('110500', 'PPD/PSD.CDS-PP', 1, 15);
INSERT INTO public.coalition_member (municipality_code, coalition_shortname, order_number, party_id) VALUES ('110500', 'PPD/PSD.CDS-PP', 2, 3);
INSERT INTO public.coalition_member (municipality_code, coalition_shortname, order_number, party_id) VALUES ('110500', 'PS.PAN.L', 1, 17);
INSERT INTO public.coalition_member (municipality_code, coalition_shortname, order_number, party_id) VALUES ('110500', 'PS.PAN.L', 2, 12);
INSERT INTO public.coalition_member (municipality_code, coalition_shortname, order_number, party_id) VALUES ('110500', 'PS.PAN.L', 3, 8);
INSERT INTO public.coalition_member (municipality_code, coalition_shortname, order_number, party_id) VALUES ('110600', 'PPD/PSD.CDS-PP.A.MPT.PPM', 1, 15);
INSERT INTO public.coalition_member (municipality_code, coalition_shortname, order_number, party_id) VALUES ('110600', 'PPD/PSD.CDS-PP.A.MPT.PPM', 2, 3);
INSERT INTO public.coalition_member (municipality_code, coalition_shortname, order_number, party_id) VALUES ('110600', 'PPD/PSD.CDS-PP.A.MPT.PPM', 3, 1);
INSERT INTO public.coalition_member (municipality_code, coalition_shortname, order_number, party_id) VALUES ('110600', 'PPD/PSD.CDS-PP.A.MPT.PPM', 4, 10);
INSERT INTO public.coalition_member (municipality_code, coalition_shortname, order_number, party_id) VALUES ('110600', 'PPD/PSD.CDS-PP.A.MPT.PPM', 5, 16);
INSERT INTO public.coalition_member (municipality_code, coalition_shortname, order_number, party_id) VALUES ('110600', 'PS.L', 1, 17);
INSERT INTO public.coalition_member (municipality_code, coalition_shortname, order_number, party_id) VALUES ('110600', 'PS.L', 2, 8);
INSERT INTO public.coalition_member (municipality_code, coalition_shortname, order_number, party_id) VALUES ('110800', 'PPD/PSD.CDS-PP', 1, 15);
INSERT INTO public.coalition_member (municipality_code, coalition_shortname, order_number, party_id) VALUES ('110800', 'PPD/PSD.CDS-PP', 2, 3);
INSERT INTO public.coalition_member (municipality_code, coalition_shortname, order_number, party_id) VALUES ('111000', 'A.PDR', 1, 1);
INSERT INTO public.coalition_member (municipality_code, coalition_shortname, order_number, party_id) VALUES ('111000', 'A.PDR', 2, 14);
INSERT INTO public.coalition_member (municipality_code, coalition_shortname, order_number, party_id) VALUES ('111000', 'BE.L.VP', 1, 2);
INSERT INTO public.coalition_member (municipality_code, coalition_shortname, order_number, party_id) VALUES ('111000', 'BE.L.VP', 2, 8);
INSERT INTO public.coalition_member (municipality_code, coalition_shortname, order_number, party_id) VALUES ('111000', 'BE.L.VP', 3, 20);
INSERT INTO public.coalition_member (municipality_code, coalition_shortname, order_number, party_id) VALUES ('111000', 'PPD/PSD.MPT', 1, 15);
INSERT INTO public.coalition_member (municipality_code, coalition_shortname, order_number, party_id) VALUES ('111000', 'PPD/PSD.MPT', 2, 10);
INSERT INTO public.coalition_member (municipality_code, coalition_shortname, order_number, party_id) VALUES ('111100', 'PPD/PSD.CDS-PP.A.MPT.PDR.PPM.RIR', 1, 15);
INSERT INTO public.coalition_member (municipality_code, coalition_shortname, order_number, party_id) VALUES ('111100', 'PPD/PSD.CDS-PP.A.MPT.PDR.PPM.RIR', 2, 3);
INSERT INTO public.coalition_member (municipality_code, coalition_shortname, order_number, party_id) VALUES ('111100', 'PPD/PSD.CDS-PP.A.MPT.PDR.PPM.RIR', 3, 1);
INSERT INTO public.coalition_member (municipality_code, coalition_shortname, order_number, party_id) VALUES ('111100', 'PPD/PSD.CDS-PP.A.MPT.PDR.PPM.RIR', 4, 10);
INSERT INTO public.coalition_member (municipality_code, coalition_shortname, order_number, party_id) VALUES ('111100', 'PPD/PSD.CDS-PP.A.MPT.PDR.PPM.RIR', 5, 14);
INSERT INTO public.coalition_member (municipality_code, coalition_shortname, order_number, party_id) VALUES ('111100', 'PPD/PSD.CDS-PP.A.MPT.PDR.PPM.RIR', 6, 16);
INSERT INTO public.coalition_member (municipality_code, coalition_shortname, order_number, party_id) VALUES ('111100', 'PPD/PSD.CDS-PP.A.MPT.PDR.PPM.RIR', 7, 19);
INSERT INTO public.coalition_member (municipality_code, coalition_shortname, order_number, party_id) VALUES ('111200', 'PPD/PSD.CDS-PP', 1, 15);
INSERT INTO public.coalition_member (municipality_code, coalition_shortname, order_number, party_id) VALUES ('111200', 'PPD/PSD.CDS-PP', 2, 3);
INSERT INTO public.coalition_member (municipality_code, coalition_shortname, order_number, party_id) VALUES ('111300', 'PPD/PSD.CDS-PP.PPM', 1, 15);
INSERT INTO public.coalition_member (municipality_code, coalition_shortname, order_number, party_id) VALUES ('111300', 'PPD/PSD.CDS-PP.PPM', 2, 3);
INSERT INTO public.coalition_member (municipality_code, coalition_shortname, order_number, party_id) VALUES ('111300', 'PPD/PSD.CDS-PP.PPM', 3, 16);
INSERT INTO public.coalition_member (municipality_code, coalition_shortname, order_number, party_id) VALUES ('111600', 'PPD/PSD.CDS-PP.A.MPT.PDR.PPM.RIR', 1, 15);
INSERT INTO public.coalition_member (municipality_code, coalition_shortname, order_number, party_id) VALUES ('111600', 'PPD/PSD.CDS-PP.A.MPT.PDR.PPM.RIR', 2, 3);
INSERT INTO public.coalition_member (municipality_code, coalition_shortname, order_number, party_id) VALUES ('111600', 'PPD/PSD.CDS-PP.A.MPT.PDR.PPM.RIR', 3, 1);
INSERT INTO public.coalition_member (municipality_code, coalition_shortname, order_number, party_id) VALUES ('111600', 'PPD/PSD.CDS-PP.A.MPT.PDR.PPM.RIR', 4, 10);
INSERT INTO public.coalition_member (municipality_code, coalition_shortname, order_number, party_id) VALUES ('111600', 'PPD/PSD.CDS-PP.A.MPT.PDR.PPM.RIR', 5, 14);
INSERT INTO public.coalition_member (municipality_code, coalition_shortname, order_number, party_id) VALUES ('111600', 'PPD/PSD.CDS-PP.A.MPT.PDR.PPM.RIR', 6, 16);
INSERT INTO public.coalition_member (municipality_code, coalition_shortname, order_number, party_id) VALUES ('111600', 'PPD/PSD.CDS-PP.A.MPT.PDR.PPM.RIR', 7, 19);
INSERT INTO public.coalition_member (municipality_code, coalition_shortname, order_number, party_id) VALUES ('120100', 'PPD/PSD.CDS-PP', 1, 15);
INSERT INTO public.coalition_member (municipality_code, coalition_shortname, order_number, party_id) VALUES ('120100', 'PPD/PSD.CDS-PP', 2, 3);
INSERT INTO public.coalition_member (municipality_code, coalition_shortname, order_number, party_id) VALUES ('120700', 'PPD/PSD.CDS-PP', 1, 15);
INSERT INTO public.coalition_member (municipality_code, coalition_shortname, order_number, party_id) VALUES ('120700', 'PPD/PSD.CDS-PP', 2, 3);
INSERT INTO public.coalition_member (municipality_code, coalition_shortname, order_number, party_id) VALUES ('121000', 'PPD/PSD.CDS-PP', 1, 15);
INSERT INTO public.coalition_member (municipality_code, coalition_shortname, order_number, party_id) VALUES ('121000', 'PPD/PSD.CDS-PP', 2, 3);
INSERT INTO public.coalition_member (municipality_code, coalition_shortname, order_number, party_id) VALUES ('121400', 'PPD/PSD.CDS-PP', 1, 15);
INSERT INTO public.coalition_member (municipality_code, coalition_shortname, order_number, party_id) VALUES ('121400', 'PPD/PSD.CDS-PP', 2, 3);
INSERT INTO public.coalition_member (municipality_code, coalition_shortname, order_number, party_id) VALUES ('130200', 'PPD/PSD.CDS-PP', 1, 15);
INSERT INTO public.coalition_member (municipality_code, coalition_shortname, order_number, party_id) VALUES ('130200', 'PPD/PSD.CDS-PP', 2, 3);
INSERT INTO public.coalition_member (municipality_code, coalition_shortname, order_number, party_id) VALUES ('130300', 'L.PS', 1, 8);
INSERT INTO public.coalition_member (municipality_code, coalition_shortname, order_number, party_id) VALUES ('130300', 'L.PS', 2, 17);
INSERT INTO public.coalition_member (municipality_code, coalition_shortname, order_number, party_id) VALUES ('130300', 'PPD/PSD.PPM', 1, 15);
INSERT INTO public.coalition_member (municipality_code, coalition_shortname, order_number, party_id) VALUES ('130300', 'PPD/PSD.PPM', 2, 16);
INSERT INTO public.coalition_member (municipality_code, coalition_shortname, order_number, party_id) VALUES ('130500', 'PPD/PSD.CDS-PP', 1, 15);
INSERT INTO public.coalition_member (municipality_code, coalition_shortname, order_number, party_id) VALUES ('130500', 'PPD/PSD.CDS-PP', 2, 3);
INSERT INTO public.coalition_member (municipality_code, coalition_shortname, order_number, party_id) VALUES ('130600', 'PPD/PSD.CDS-PP', 1, 15);
INSERT INTO public.coalition_member (municipality_code, coalition_shortname, order_number, party_id) VALUES ('130600', 'PPD/PSD.CDS-PP', 2, 3);
INSERT INTO public.coalition_member (municipality_code, coalition_shortname, order_number, party_id) VALUES ('130800', 'PPD/PSD.CDS-PP', 1, 15);
INSERT INTO public.coalition_member (municipality_code, coalition_shortname, order_number, party_id) VALUES ('130800', 'PPD/PSD.CDS-PP', 2, 3);
INSERT INTO public.coalition_member (municipality_code, coalition_shortname, order_number, party_id) VALUES ('131000', 'NC.A', 1, 11);
INSERT INTO public.coalition_member (municipality_code, coalition_shortname, order_number, party_id) VALUES ('131000', 'NC.A', 2, 1);
INSERT INTO public.coalition_member (municipality_code, coalition_shortname, order_number, party_id) VALUES ('131000', 'PPD/PSD.CDS-PP', 1, 15);
INSERT INTO public.coalition_member (municipality_code, coalition_shortname, order_number, party_id) VALUES ('131000', 'PPD/PSD.CDS-PP', 2, 3);
INSERT INTO public.coalition_member (municipality_code, coalition_shortname, order_number, party_id) VALUES ('131100', 'PPD/PSD.CDS-PP', 1, 15);
INSERT INTO public.coalition_member (municipality_code, coalition_shortname, order_number, party_id) VALUES ('131100', 'PPD/PSD.CDS-PP', 2, 3);
INSERT INTO public.coalition_member (municipality_code, coalition_shortname, order_number, party_id) VALUES ('131100', 'PS.RIR', 1, 17);
INSERT INTO public.coalition_member (municipality_code, coalition_shortname, order_number, party_id) VALUES ('131100', 'PS.RIR', 2, 19);
INSERT INTO public.coalition_member (municipality_code, coalition_shortname, order_number, party_id) VALUES ('131400', 'NC.PPM', 1, 11);
INSERT INTO public.coalition_member (municipality_code, coalition_shortname, order_number, party_id) VALUES ('131400', 'NC.PPM', 2, 16);
INSERT INTO public.coalition_member (municipality_code, coalition_shortname, order_number, party_id) VALUES ('131400', 'PPD/PSD.CDS-PP', 1, 15);
INSERT INTO public.coalition_member (municipality_code, coalition_shortname, order_number, party_id) VALUES ('131400', 'PPD/PSD.CDS-PP', 2, 3);
INSERT INTO public.coalition_member (municipality_code, coalition_shortname, order_number, party_id) VALUES ('131500', 'PPD/PSD.CDS-PP', 1, 15);
INSERT INTO public.coalition_member (municipality_code, coalition_shortname, order_number, party_id) VALUES ('131500', 'PPD/PSD.CDS-PP', 2, 3);
INSERT INTO public.coalition_member (municipality_code, coalition_shortname, order_number, party_id) VALUES ('131700', 'MPT.PDR', 1, 10);
INSERT INTO public.coalition_member (municipality_code, coalition_shortname, order_number, party_id) VALUES ('131700', 'MPT.PDR', 2, 14);
INSERT INTO public.coalition_member (municipality_code, coalition_shortname, order_number, party_id) VALUES ('131700', 'PPD/PSD.CDS-PP.PPM', 1, 15);
INSERT INTO public.coalition_member (municipality_code, coalition_shortname, order_number, party_id) VALUES ('131700', 'PPD/PSD.CDS-PP.PPM', 2, 3);
INSERT INTO public.coalition_member (municipality_code, coalition_shortname, order_number, party_id) VALUES ('131700', 'PPD/PSD.CDS-PP.PPM', 3, 16);
INSERT INTO public.coalition_member (municipality_code, coalition_shortname, order_number, party_id) VALUES ('131800', 'PPD/PSD.CDS-PP', 1, 15);
INSERT INTO public.coalition_member (municipality_code, coalition_shortname, order_number, party_id) VALUES ('131800', 'PPD/PSD.CDS-PP', 2, 3);
INSERT INTO public.coalition_member (municipality_code, coalition_shortname, order_number, party_id) VALUES ('140200', 'PPD/PSD.CDS-PP.MPT', 1, 15);
INSERT INTO public.coalition_member (municipality_code, coalition_shortname, order_number, party_id) VALUES ('140200', 'PPD/PSD.CDS-PP.MPT', 2, 3);
INSERT INTO public.coalition_member (municipality_code, coalition_shortname, order_number, party_id) VALUES ('140200', 'PPD/PSD.CDS-PP.MPT', 3, 10);
INSERT INTO public.coalition_member (municipality_code, coalition_shortname, order_number, party_id) VALUES ('140300', 'PPD/PSD.CDS-PP', 1, 15);
INSERT INTO public.coalition_member (municipality_code, coalition_shortname, order_number, party_id) VALUES ('140300', 'PPD/PSD.CDS-PP', 2, 3);
INSERT INTO public.coalition_member (municipality_code, coalition_shortname, order_number, party_id) VALUES ('140400', 'PPD/PSD.MPT', 1, 15);
INSERT INTO public.coalition_member (municipality_code, coalition_shortname, order_number, party_id) VALUES ('140400', 'PPD/PSD.MPT', 2, 10);
INSERT INTO public.coalition_member (municipality_code, coalition_shortname, order_number, party_id) VALUES ('141400', 'PPD/PSD.CDS-PP', 1, 15);
INSERT INTO public.coalition_member (municipality_code, coalition_shortname, order_number, party_id) VALUES ('141400', 'PPD/PSD.CDS-PP', 2, 3);
INSERT INTO public.coalition_member (municipality_code, coalition_shortname, order_number, party_id) VALUES ('141500', 'PPD/PSD.CDS-PP', 1, 15);
INSERT INTO public.coalition_member (municipality_code, coalition_shortname, order_number, party_id) VALUES ('141500', 'PPD/PSD.CDS-PP', 2, 3);
INSERT INTO public.coalition_member (municipality_code, coalition_shortname, order_number, party_id) VALUES ('141800', 'CDS-PP.MPT.PPM', 1, 3);
INSERT INTO public.coalition_member (municipality_code, coalition_shortname, order_number, party_id) VALUES ('141800', 'CDS-PP.MPT.PPM', 2, 10);
INSERT INTO public.coalition_member (municipality_code, coalition_shortname, order_number, party_id) VALUES ('141800', 'CDS-PP.MPT.PPM', 3, 16);
INSERT INTO public.coalition_member (municipality_code, coalition_shortname, order_number, party_id) VALUES ('141900', 'PPD/PSD.CDS-PP', 1, 15);
INSERT INTO public.coalition_member (municipality_code, coalition_shortname, order_number, party_id) VALUES ('141900', 'PPD/PSD.CDS-PP', 2, 3);
INSERT INTO public.coalition_member (municipality_code, coalition_shortname, order_number, party_id) VALUES ('142100', 'PPD/PSD.CDS-PP', 1, 15);
INSERT INTO public.coalition_member (municipality_code, coalition_shortname, order_number, party_id) VALUES ('142100', 'PPD/PSD.CDS-PP', 2, 3);
INSERT INTO public.coalition_member (municipality_code, coalition_shortname, order_number, party_id) VALUES ('150100', 'PPD/PSD.CDS-PP.MPT.PPM.A', 1, 15);
INSERT INTO public.coalition_member (municipality_code, coalition_shortname, order_number, party_id) VALUES ('150100', 'PPD/PSD.CDS-PP.MPT.PPM.A', 2, 3);
INSERT INTO public.coalition_member (municipality_code, coalition_shortname, order_number, party_id) VALUES ('150100', 'PPD/PSD.CDS-PP.MPT.PPM.A', 3, 10);
INSERT INTO public.coalition_member (municipality_code, coalition_shortname, order_number, party_id) VALUES ('150100', 'PPD/PSD.CDS-PP.MPT.PPM.A', 4, 16);
INSERT INTO public.coalition_member (municipality_code, coalition_shortname, order_number, party_id) VALUES ('150100', 'PPD/PSD.CDS-PP.MPT.PPM.A', 5, 1);
INSERT INTO public.coalition_member (municipality_code, coalition_shortname, order_number, party_id) VALUES ('150300', 'PPD/PSD.CDS-PP.A.MPT.PPM', 1, 15);
INSERT INTO public.coalition_member (municipality_code, coalition_shortname, order_number, party_id) VALUES ('150300', 'PPD/PSD.CDS-PP.A.MPT.PPM', 2, 3);
INSERT INTO public.coalition_member (municipality_code, coalition_shortname, order_number, party_id) VALUES ('150300', 'PPD/PSD.CDS-PP.A.MPT.PPM', 3, 1);
INSERT INTO public.coalition_member (municipality_code, coalition_shortname, order_number, party_id) VALUES ('150300', 'PPD/PSD.CDS-PP.A.MPT.PPM', 4, 10);
INSERT INTO public.coalition_member (municipality_code, coalition_shortname, order_number, party_id) VALUES ('150300', 'PPD/PSD.CDS-PP.A.MPT.PPM', 5, 16);
INSERT INTO public.coalition_member (municipality_code, coalition_shortname, order_number, party_id) VALUES ('150500', 'PPD/PSD.CDS-PP', 1, 15);
INSERT INTO public.coalition_member (municipality_code, coalition_shortname, order_number, party_id) VALUES ('150500', 'PPD/PSD.CDS-PP', 2, 3);
INSERT INTO public.coalition_member (municipality_code, coalition_shortname, order_number, party_id) VALUES ('150600', 'PPD/PSD.CDS-PP.MPT.PPM.A.PDR', 1, 15);
INSERT INTO public.coalition_member (municipality_code, coalition_shortname, order_number, party_id) VALUES ('150600', 'PPD/PSD.CDS-PP.MPT.PPM.A.PDR', 2, 3);
INSERT INTO public.coalition_member (municipality_code, coalition_shortname, order_number, party_id) VALUES ('150600', 'PPD/PSD.CDS-PP.MPT.PPM.A.PDR', 3, 10);
INSERT INTO public.coalition_member (municipality_code, coalition_shortname, order_number, party_id) VALUES ('150600', 'PPD/PSD.CDS-PP.MPT.PPM.A.PDR', 4, 16);
INSERT INTO public.coalition_member (municipality_code, coalition_shortname, order_number, party_id) VALUES ('150600', 'PPD/PSD.CDS-PP.MPT.PPM.A.PDR', 5, 1);
INSERT INTO public.coalition_member (municipality_code, coalition_shortname, order_number, party_id) VALUES ('150600', 'PPD/PSD.CDS-PP.MPT.PPM.A.PDR', 6, 14);
INSERT INTO public.coalition_member (municipality_code, coalition_shortname, order_number, party_id) VALUES ('150700', 'PPD/PSD.CDS-PP.A', 1, 15);
INSERT INTO public.coalition_member (municipality_code, coalition_shortname, order_number, party_id) VALUES ('150700', 'PPD/PSD.CDS-PP.A', 2, 3);
INSERT INTO public.coalition_member (municipality_code, coalition_shortname, order_number, party_id) VALUES ('150700', 'PPD/PSD.CDS-PP.A', 3, 1);
INSERT INTO public.coalition_member (municipality_code, coalition_shortname, order_number, party_id) VALUES ('150800', 'CDS-PP.MPT', 1, 3);
INSERT INTO public.coalition_member (municipality_code, coalition_shortname, order_number, party_id) VALUES ('150800', 'CDS-PP.MPT', 2, 10);
INSERT INTO public.coalition_member (municipality_code, coalition_shortname, order_number, party_id) VALUES ('150900', 'PPD/PSD.CDS-PP', 1, 15);
INSERT INTO public.coalition_member (municipality_code, coalition_shortname, order_number, party_id) VALUES ('150900', 'PPD/PSD.CDS-PP', 2, 3);
INSERT INTO public.coalition_member (municipality_code, coalition_shortname, order_number, party_id) VALUES ('151000', 'CDS-PP.PDR.A.MPT', 1, 3);
INSERT INTO public.coalition_member (municipality_code, coalition_shortname, order_number, party_id) VALUES ('151000', 'CDS-PP.PDR.A.MPT', 2, 14);
INSERT INTO public.coalition_member (municipality_code, coalition_shortname, order_number, party_id) VALUES ('151000', 'CDS-PP.PDR.A.MPT', 3, 1);
INSERT INTO public.coalition_member (municipality_code, coalition_shortname, order_number, party_id) VALUES ('151000', 'CDS-PP.PDR.A.MPT', 4, 10);
INSERT INTO public.coalition_member (municipality_code, coalition_shortname, order_number, party_id) VALUES ('151100', 'CDS-PP.A.PDR', 1, 3);
INSERT INTO public.coalition_member (municipality_code, coalition_shortname, order_number, party_id) VALUES ('151100', 'CDS-PP.A.PDR', 2, 1);
INSERT INTO public.coalition_member (municipality_code, coalition_shortname, order_number, party_id) VALUES ('151100', 'CDS-PP.A.PDR', 3, 14);
INSERT INTO public.coalition_member (municipality_code, coalition_shortname, order_number, party_id) VALUES ('151200', 'NC.PPM', 1, 11);
INSERT INTO public.coalition_member (municipality_code, coalition_shortname, order_number, party_id) VALUES ('151200', 'NC.PPM', 2, 16);
INSERT INTO public.coalition_member (municipality_code, coalition_shortname, order_number, party_id) VALUES ('151200', 'RIR.PDR', 1, 19);
INSERT INTO public.coalition_member (municipality_code, coalition_shortname, order_number, party_id) VALUES ('151200', 'RIR.PDR', 2, 14);
INSERT INTO public.coalition_member (municipality_code, coalition_shortname, order_number, party_id) VALUES ('151300', 'PPD/PSD.CDS-PP', 1, 15);
INSERT INTO public.coalition_member (municipality_code, coalition_shortname, order_number, party_id) VALUES ('151300', 'PPD/PSD.CDS-PP', 2, 3);
INSERT INTO public.coalition_member (municipality_code, coalition_shortname, order_number, party_id) VALUES ('160200', 'PPD/PSD.CDS-PP.A.PPM', 1, 15);
INSERT INTO public.coalition_member (municipality_code, coalition_shortname, order_number, party_id) VALUES ('160200', 'PPD/PSD.CDS-PP.A.PPM', 2, 3);
INSERT INTO public.coalition_member (municipality_code, coalition_shortname, order_number, party_id) VALUES ('160200', 'PPD/PSD.CDS-PP.A.PPM', 3, 1);
INSERT INTO public.coalition_member (municipality_code, coalition_shortname, order_number, party_id) VALUES ('160200', 'PPD/PSD.CDS-PP.A.PPM', 4, 16);
INSERT INTO public.coalition_member (municipality_code, coalition_shortname, order_number, party_id) VALUES ('160500', 'PPD/PSD.CDS-PP', 1, 15);
INSERT INTO public.coalition_member (municipality_code, coalition_shortname, order_number, party_id) VALUES ('160500', 'PPD/PSD.CDS-PP', 2, 3);
INSERT INTO public.coalition_member (municipality_code, coalition_shortname, order_number, party_id) VALUES ('160900', 'PPD/PSD.CDS-PP', 1, 15);
INSERT INTO public.coalition_member (municipality_code, coalition_shortname, order_number, party_id) VALUES ('160900', 'PPD/PSD.CDS-PP', 2, 3);
INSERT INTO public.coalition_member (municipality_code, coalition_shortname, order_number, party_id) VALUES ('170100', 'PPD/PSD.CDS-PP', 1, 15);
INSERT INTO public.coalition_member (municipality_code, coalition_shortname, order_number, party_id) VALUES ('170100', 'PPD/PSD.CDS-PP', 2, 3);
INSERT INTO public.coalition_member (municipality_code, coalition_shortname, order_number, party_id) VALUES ('170300', 'PPD/PSD.CDS-PP', 1, 15);
INSERT INTO public.coalition_member (municipality_code, coalition_shortname, order_number, party_id) VALUES ('170300', 'PPD/PSD.CDS-PP', 2, 3);
INSERT INTO public.coalition_member (municipality_code, coalition_shortname, order_number, party_id) VALUES ('170400', 'PPD/PSD.CDS-PP', 1, 15);
INSERT INTO public.coalition_member (municipality_code, coalition_shortname, order_number, party_id) VALUES ('170400', 'PPD/PSD.CDS-PP', 2, 3);
INSERT INTO public.coalition_member (municipality_code, coalition_shortname, order_number, party_id) VALUES ('170600', 'PPD/PSD.CDS-PP', 1, 15);
INSERT INTO public.coalition_member (municipality_code, coalition_shortname, order_number, party_id) VALUES ('170600', 'PPD/PSD.CDS-PP', 2, 3);
INSERT INTO public.coalition_member (municipality_code, coalition_shortname, order_number, party_id) VALUES ('170900', 'PPD/PSD.CDS-PP', 1, 15);
INSERT INTO public.coalition_member (municipality_code, coalition_shortname, order_number, party_id) VALUES ('170900', 'PPD/PSD.CDS-PP', 2, 3);
INSERT INTO public.coalition_member (municipality_code, coalition_shortname, order_number, party_id) VALUES ('171100', 'PPD/PSD.CDS-PP', 1, 15);
INSERT INTO public.coalition_member (municipality_code, coalition_shortname, order_number, party_id) VALUES ('171100', 'PPD/PSD.CDS-PP', 2, 3);
INSERT INTO public.coalition_member (municipality_code, coalition_shortname, order_number, party_id) VALUES ('171400', 'PPD/PSD.CDS-PP.A', 1, 15);
INSERT INTO public.coalition_member (municipality_code, coalition_shortname, order_number, party_id) VALUES ('171400', 'PPD/PSD.CDS-PP.A', 2, 3);
INSERT INTO public.coalition_member (municipality_code, coalition_shortname, order_number, party_id) VALUES ('171400', 'PPD/PSD.CDS-PP.A', 3, 1);
INSERT INTO public.coalition_member (municipality_code, coalition_shortname, order_number, party_id) VALUES ('180100', 'PPD/PSD.CDS-PP', 1, 15);
INSERT INTO public.coalition_member (municipality_code, coalition_shortname, order_number, party_id) VALUES ('180100', 'PPD/PSD.CDS-PP', 2, 3);
INSERT INTO public.coalition_member (municipality_code, coalition_shortname, order_number, party_id) VALUES ('180300', 'PPD/PSD.CDS-PP', 1, 15);
INSERT INTO public.coalition_member (municipality_code, coalition_shortname, order_number, party_id) VALUES ('180300', 'PPD/PSD.CDS-PP', 2, 3);
INSERT INTO public.coalition_member (municipality_code, coalition_shortname, order_number, party_id) VALUES ('180400', 'PPD/PSD.CDS-PP.PPM', 1, 15);
INSERT INTO public.coalition_member (municipality_code, coalition_shortname, order_number, party_id) VALUES ('180400', 'PPD/PSD.CDS-PP.PPM', 2, 3);
INSERT INTO public.coalition_member (municipality_code, coalition_shortname, order_number, party_id) VALUES ('180400', 'PPD/PSD.CDS-PP.PPM', 3, 16);
INSERT INTO public.coalition_member (municipality_code, coalition_shortname, order_number, party_id) VALUES ('180500', 'PPD/PSD.CDS-PP', 1, 15);
INSERT INTO public.coalition_member (municipality_code, coalition_shortname, order_number, party_id) VALUES ('180500', 'PPD/PSD.CDS-PP', 2, 3);
INSERT INTO public.coalition_member (municipality_code, coalition_shortname, order_number, party_id) VALUES ('180600', 'PPD/PSD.CDS-PP', 1, 15);
INSERT INTO public.coalition_member (municipality_code, coalition_shortname, order_number, party_id) VALUES ('180600', 'PPD/PSD.CDS-PP', 2, 3);
INSERT INTO public.coalition_member (municipality_code, coalition_shortname, order_number, party_id) VALUES ('180700', 'PPD/PSD.CDS-PP', 1, 15);
INSERT INTO public.coalition_member (municipality_code, coalition_shortname, order_number, party_id) VALUES ('180700', 'PPD/PSD.CDS-PP', 2, 3);
INSERT INTO public.coalition_member (municipality_code, coalition_shortname, order_number, party_id) VALUES ('180900', 'PPD/PSD.CDS-PP', 1, 15);
INSERT INTO public.coalition_member (municipality_code, coalition_shortname, order_number, party_id) VALUES ('180900', 'PPD/PSD.CDS-PP', 2, 3);
INSERT INTO public.coalition_member (municipality_code, coalition_shortname, order_number, party_id) VALUES ('181000', 'PPD/PSD.CDS-PP', 1, 15);
INSERT INTO public.coalition_member (municipality_code, coalition_shortname, order_number, party_id) VALUES ('181000', 'PPD/PSD.CDS-PP', 2, 3);
INSERT INTO public.coalition_member (municipality_code, coalition_shortname, order_number, party_id) VALUES ('181100', 'PPD/PSD.CDS-PP', 1, 15);
INSERT INTO public.coalition_member (municipality_code, coalition_shortname, order_number, party_id) VALUES ('181100', 'PPD/PSD.CDS-PP', 2, 3);
INSERT INTO public.coalition_member (municipality_code, coalition_shortname, order_number, party_id) VALUES ('181400', 'PPD/PSD.CDS-PP', 1, 15);
INSERT INTO public.coalition_member (municipality_code, coalition_shortname, order_number, party_id) VALUES ('181400', 'PPD/PSD.CDS-PP', 2, 3);
INSERT INTO public.coalition_member (municipality_code, coalition_shortname, order_number, party_id) VALUES ('181500', 'PPD/PSD.CDS-PP', 1, 15);
INSERT INTO public.coalition_member (municipality_code, coalition_shortname, order_number, party_id) VALUES ('181500', 'PPD/PSD.CDS-PP', 2, 3);
INSERT INTO public.coalition_member (municipality_code, coalition_shortname, order_number, party_id) VALUES ('181900', 'PPD/PSD.CDS-PP', 1, 15);
INSERT INTO public.coalition_member (municipality_code, coalition_shortname, order_number, party_id) VALUES ('181900', 'PPD/PSD.CDS-PP', 2, 3);
INSERT INTO public.coalition_member (municipality_code, coalition_shortname, order_number, party_id) VALUES ('310200', 'PDR.MPT.A', 1, 14);
INSERT INTO public.coalition_member (municipality_code, coalition_shortname, order_number, party_id) VALUES ('310200', 'PDR.MPT.A', 2, 10);
INSERT INTO public.coalition_member (municipality_code, coalition_shortname, order_number, party_id) VALUES ('310200', 'PDR.MPT.A', 3, 1);
INSERT INTO public.coalition_member (municipality_code, coalition_shortname, order_number, party_id) VALUES ('310300', 'PPD/PSD.CDS-PP', 1, 15);
INSERT INTO public.coalition_member (municipality_code, coalition_shortname, order_number, party_id) VALUES ('310300', 'PPD/PSD.CDS-PP', 2, 3);
INSERT INTO public.coalition_member (municipality_code, coalition_shortname, order_number, party_id) VALUES ('310300', 'PS.BE.PAN.MPT.PDR', 1, 17);
INSERT INTO public.coalition_member (municipality_code, coalition_shortname, order_number, party_id) VALUES ('310300', 'PS.BE.PAN.MPT.PDR', 2, 2);
INSERT INTO public.coalition_member (municipality_code, coalition_shortname, order_number, party_id) VALUES ('310300', 'PS.BE.PAN.MPT.PDR', 3, 12);
INSERT INTO public.coalition_member (municipality_code, coalition_shortname, order_number, party_id) VALUES ('310300', 'PS.BE.PAN.MPT.PDR', 4, 10);
INSERT INTO public.coalition_member (municipality_code, coalition_shortname, order_number, party_id) VALUES ('310300', 'PS.BE.PAN.MPT.PDR', 5, 14);
INSERT INTO public.coalition_member (municipality_code, coalition_shortname, order_number, party_id) VALUES ('310400', 'PPD/PSD.CDS-PP', 1, 15);
INSERT INTO public.coalition_member (municipality_code, coalition_shortname, order_number, party_id) VALUES ('310400', 'PPD/PSD.CDS-PP', 2, 3);
INSERT INTO public.coalition_member (municipality_code, coalition_shortname, order_number, party_id) VALUES ('310500', 'PPD/PSD.CDS-PP', 1, 15);
INSERT INTO public.coalition_member (municipality_code, coalition_shortname, order_number, party_id) VALUES ('310500', 'PPD/PSD.CDS-PP', 2, 3);
INSERT INTO public.coalition_member (municipality_code, coalition_shortname, order_number, party_id) VALUES ('310600', 'PPD/PSD.CDS-PP', 1, 15);
INSERT INTO public.coalition_member (municipality_code, coalition_shortname, order_number, party_id) VALUES ('310600', 'PPD/PSD.CDS-PP', 2, 3);
INSERT INTO public.coalition_member (municipality_code, coalition_shortname, order_number, party_id) VALUES ('310800', 'PDR.MPT.A', 1, 14);
INSERT INTO public.coalition_member (municipality_code, coalition_shortname, order_number, party_id) VALUES ('310800', 'PDR.MPT.A', 2, 10);
INSERT INTO public.coalition_member (municipality_code, coalition_shortname, order_number, party_id) VALUES ('310800', 'PDR.MPT.A', 3, 1);
INSERT INTO public.coalition_member (municipality_code, coalition_shortname, order_number, party_id) VALUES ('310800', 'PPD/PSD.CDS-PP', 1, 15);
INSERT INTO public.coalition_member (municipality_code, coalition_shortname, order_number, party_id) VALUES ('310800', 'PPD/PSD.CDS-PP', 2, 3);
INSERT INTO public.coalition_member (municipality_code, coalition_shortname, order_number, party_id) VALUES ('311000', 'PPD/PSD.CDS-PP', 1, 15);
INSERT INTO public.coalition_member (municipality_code, coalition_shortname, order_number, party_id) VALUES ('311000', 'PPD/PSD.CDS-PP', 2, 3);
INSERT INTO public.coalition_member (municipality_code, coalition_shortname, order_number, party_id) VALUES ('320100', 'PPD/PSD.CDS-PP', 1, 15);
INSERT INTO public.coalition_member (municipality_code, coalition_shortname, order_number, party_id) VALUES ('320100', 'PPD/PSD.CDS-PP', 2, 3);
INSERT INTO public.coalition_member (municipality_code, coalition_shortname, order_number, party_id) VALUES ('420100', 'PPD/PSD.CDS-PP.PPM', 1, 15);
INSERT INTO public.coalition_member (municipality_code, coalition_shortname, order_number, party_id) VALUES ('420100', 'PPD/PSD.CDS-PP.PPM', 2, 3);
INSERT INTO public.coalition_member (municipality_code, coalition_shortname, order_number, party_id) VALUES ('420100', 'PPD/PSD.CDS-PP.PPM', 3, 16);
INSERT INTO public.coalition_member (municipality_code, coalition_shortname, order_number, party_id) VALUES ('430100', 'PPD/PSD.CDS-PP.PPM', 1, 15);
INSERT INTO public.coalition_member (municipality_code, coalition_shortname, order_number, party_id) VALUES ('430100', 'PPD/PSD.CDS-PP.PPM', 2, 3);
INSERT INTO public.coalition_member (municipality_code, coalition_shortname, order_number, party_id) VALUES ('430100', 'PPD/PSD.CDS-PP.PPM', 3, 16);
INSERT INTO public.coalition_member (municipality_code, coalition_shortname, order_number, party_id) VALUES ('430200', 'PPD/PSD.CDS-PP', 1, 15);
INSERT INTO public.coalition_member (municipality_code, coalition_shortname, order_number, party_id) VALUES ('430200', 'PPD/PSD.CDS-PP', 2, 3);
INSERT INTO public.coalition_member (municipality_code, coalition_shortname, order_number, party_id) VALUES ('440100', 'PPD/PSD.CDS-PP.PPM', 1, 15);
INSERT INTO public.coalition_member (municipality_code, coalition_shortname, order_number, party_id) VALUES ('440100', 'PPD/PSD.CDS-PP.PPM', 2, 3);
INSERT INTO public.coalition_member (municipality_code, coalition_shortname, order_number, party_id) VALUES ('440100', 'PPD/PSD.CDS-PP.PPM', 3, 16);
INSERT INTO public.coalition_member (municipality_code, coalition_shortname, order_number, party_id) VALUES ('460100', 'PPD/PSD.CDS-PP.PPM', 1, 15);
INSERT INTO public.coalition_member (municipality_code, coalition_shortname, order_number, party_id) VALUES ('460100', 'PPD/PSD.CDS-PP.PPM', 2, 3);
INSERT INTO public.coalition_member (municipality_code, coalition_shortname, order_number, party_id) VALUES ('460100', 'PPD/PSD.CDS-PP.PPM', 3, 16);
INSERT INTO public.coalition_member (municipality_code, coalition_shortname, order_number, party_id) VALUES ('470100', 'PPD/PSD.CDS-PP.PPM', 1, 15);
INSERT INTO public.coalition_member (municipality_code, coalition_shortname, order_number, party_id) VALUES ('470100', 'PPD/PSD.CDS-PP.PPM', 2, 3);
INSERT INTO public.coalition_member (municipality_code, coalition_shortname, order_number, party_id) VALUES ('470100', 'PPD/PSD.CDS-PP.PPM', 3, 16);
INSERT INTO public.coalition_member (municipality_code, coalition_shortname, order_number, party_id) VALUES ('480100', 'PPD/PSD.CDS-PP.PPM', 1, 15);
INSERT INTO public.coalition_member (municipality_code, coalition_shortname, order_number, party_id) VALUES ('480100', 'PPD/PSD.CDS-PP.PPM', 2, 3);
INSERT INTO public.coalition_member (municipality_code, coalition_shortname, order_number, party_id) VALUES ('480100', 'PPD/PSD.CDS-PP.PPM', 3, 16);
INSERT INTO public.coalition_member (municipality_code, coalition_shortname, order_number, party_id) VALUES ('480200', 'PPD/PSD.PPM.CDS-PP', 1, 15);
INSERT INTO public.coalition_member (municipality_code, coalition_shortname, order_number, party_id) VALUES ('480200', 'PPD/PSD.PPM.CDS-PP', 2, 16);
INSERT INTO public.coalition_member (municipality_code, coalition_shortname, order_number, party_id) VALUES ('480200', 'PPD/PSD.PPM.CDS-PP', 3, 3);
INSERT INTO public.coalition_member (municipality_code, coalition_shortname, order_number, party_id) VALUES ('490100', 'CDS-PP.PPD/PSD.PPM', 1, 3);
INSERT INTO public.coalition_member (municipality_code, coalition_shortname, order_number, party_id) VALUES ('490100', 'CDS-PP.PPD/PSD.PPM', 2, 15);
INSERT INTO public.coalition_member (municipality_code, coalition_shortname, order_number, party_id) VALUES ('490100', 'CDS-PP.PPD/PSD.PPM', 3, 16);
INSERT INTO public.coalition_member (municipality_code, coalition_shortname, order_number, party_id) VALUES ('060700', 'PPD/PSD.CDS-PP', 1, 15);
INSERT INTO public.coalition_member (municipality_code, coalition_shortname, order_number, party_id) VALUES ('060700', 'PPD/PSD.CDS-PP', 2, 3);
INSERT INTO public.coalition_member (municipality_code, coalition_shortname, order_number, party_id) VALUES ('070100', 'PPD/PSD.CDS-PP', 1, 15);
INSERT INTO public.coalition_member (municipality_code, coalition_shortname, order_number, party_id) VALUES ('070100', 'PPD/PSD.CDS-PP', 2, 3);
INSERT INTO public.coalition_member (municipality_code, coalition_shortname, order_number, party_id) VALUES ('070500', 'NC.RIR', 1, 11);
INSERT INTO public.coalition_member (municipality_code, coalition_shortname, order_number, party_id) VALUES ('070500', 'NC.RIR', 2, 19);
INSERT INTO public.coalition_member (municipality_code, coalition_shortname, order_number, party_id) VALUES ('070500', 'PPD/PSD.CDS-PP.MPT.PPM', 1, 15);
INSERT INTO public.coalition_member (municipality_code, coalition_shortname, order_number, party_id) VALUES ('070500', 'PPD/PSD.CDS-PP.MPT.PPM', 2, 3);
INSERT INTO public.coalition_member (municipality_code, coalition_shortname, order_number, party_id) VALUES ('070500', 'PPD/PSD.CDS-PP.MPT.PPM', 3, 10);
INSERT INTO public.coalition_member (municipality_code, coalition_shortname, order_number, party_id) VALUES ('070500', 'PPD/PSD.CDS-PP.MPT.PPM', 4, 16);
INSERT INTO public.coalition_member (municipality_code, coalition_shortname, order_number, party_id) VALUES ('071200', 'PPD/PSD.CDS-PP', 1, 15);
INSERT INTO public.coalition_member (municipality_code, coalition_shortname, order_number, party_id) VALUES ('071200', 'PPD/PSD.CDS-PP', 2, 3);
INSERT INTO public.coalition_member (municipality_code, coalition_shortname, order_number, party_id) VALUES ('071300', 'PPD/PSD.CDS-PP.MPT.PPM', 1, 15);
INSERT INTO public.coalition_member (municipality_code, coalition_shortname, order_number, party_id) VALUES ('071300', 'PPD/PSD.CDS-PP.MPT.PPM', 2, 3);
INSERT INTO public.coalition_member (municipality_code, coalition_shortname, order_number, party_id) VALUES ('071300', 'PPD/PSD.CDS-PP.MPT.PPM', 3, 10);
INSERT INTO public.coalition_member (municipality_code, coalition_shortname, order_number, party_id) VALUES ('071300', 'PPD/PSD.CDS-PP.MPT.PPM', 4, 16);
INSERT INTO public.coalition_member (municipality_code, coalition_shortname, order_number, party_id) VALUES ('080500', 'PPD/PSD.CDS-PP.IL.MPT.PPM', 1, 15);
INSERT INTO public.coalition_member (municipality_code, coalition_shortname, order_number, party_id) VALUES ('080500', 'PPD/PSD.CDS-PP.IL.MPT.PPM', 2, 3);
INSERT INTO public.coalition_member (municipality_code, coalition_shortname, order_number, party_id) VALUES ('080500', 'PPD/PSD.CDS-PP.IL.MPT.PPM', 3, 6);
INSERT INTO public.coalition_member (municipality_code, coalition_shortname, order_number, party_id) VALUES ('080500', 'PPD/PSD.CDS-PP.IL.MPT.PPM', 4, 10);
INSERT INTO public.coalition_member (municipality_code, coalition_shortname, order_number, party_id) VALUES ('080500', 'PPD/PSD.CDS-PP.IL.MPT.PPM', 5, 16);
INSERT INTO public.coalition_member (municipality_code, coalition_shortname, order_number, party_id) VALUES ('111400', 'PPD/PSD.CDS-PP.MPT.PPM', 1, 15);
INSERT INTO public.coalition_member (municipality_code, coalition_shortname, order_number, party_id) VALUES ('111400', 'PPD/PSD.CDS-PP.MPT.PPM', 2, 3);
INSERT INTO public.coalition_member (municipality_code, coalition_shortname, order_number, party_id) VALUES ('111400', 'PPD/PSD.CDS-PP.MPT.PPM', 3, 10);
INSERT INTO public.coalition_member (municipality_code, coalition_shortname, order_number, party_id) VALUES ('111400', 'PPD/PSD.CDS-PP.MPT.PPM', 4, 16);
INSERT INTO public.coalition_member (municipality_code, coalition_shortname, order_number, party_id) VALUES ('111500', 'PPD/PSD.CDS-PP.A.MPT.PDR', 1, 15);
INSERT INTO public.coalition_member (municipality_code, coalition_shortname, order_number, party_id) VALUES ('111500', 'PPD/PSD.CDS-PP.A.MPT.PDR', 2, 3);
INSERT INTO public.coalition_member (municipality_code, coalition_shortname, order_number, party_id) VALUES ('111500', 'PPD/PSD.CDS-PP.A.MPT.PDR', 3, 1);
INSERT INTO public.coalition_member (municipality_code, coalition_shortname, order_number, party_id) VALUES ('111500', 'PPD/PSD.CDS-PP.A.MPT.PDR', 4, 10);
INSERT INTO public.coalition_member (municipality_code, coalition_shortname, order_number, party_id) VALUES ('111500', 'PPD/PSD.CDS-PP.A.MPT.PDR', 5, 14);
INSERT INTO public.coalition_member (municipality_code, coalition_shortname, order_number, party_id) VALUES ('111500', 'PPM.RIR', 1, 16);
INSERT INTO public.coalition_member (municipality_code, coalition_shortname, order_number, party_id) VALUES ('111500', 'PPM.RIR', 2, 19);
INSERT INTO public.coalition_member (municipality_code, coalition_shortname, order_number, party_id) VALUES ('121300', 'PPD/PSD.CDS-PP', 1, 15);
INSERT INTO public.coalition_member (municipality_code, coalition_shortname, order_number, party_id) VALUES ('121300', 'PPD/PSD.CDS-PP', 2, 3);
INSERT INTO public.coalition_member (municipality_code, coalition_shortname, order_number, party_id) VALUES ('130400', 'PPD/PSD.CDS-PP', 1, 15);
INSERT INTO public.coalition_member (municipality_code, coalition_shortname, order_number, party_id) VALUES ('130400', 'PPD/PSD.CDS-PP', 2, 3);
INSERT INTO public.coalition_member (municipality_code, coalition_shortname, order_number, party_id) VALUES ('130700', 'PPD/PSD.CDS-PP', 1, 15);
INSERT INTO public.coalition_member (municipality_code, coalition_shortname, order_number, party_id) VALUES ('130700', 'PPD/PSD.CDS-PP', 2, 3);
INSERT INTO public.coalition_member (municipality_code, coalition_shortname, order_number, party_id) VALUES ('140700', 'PPD/PSD.CDS-PP', 1, 15);
INSERT INTO public.coalition_member (municipality_code, coalition_shortname, order_number, party_id) VALUES ('140700', 'PPD/PSD.CDS-PP', 2, 3);

INSERT INTO public.party_votes (municipality_code, party_id, votes) VALUES ('100100', 3, 1409);
INSERT INTO public.party_votes (municipality_code, party_id, votes) VALUES ('100100', 4, 1278);
INSERT INTO public.party_votes (municipality_code, party_id, votes) VALUES ('100100', 6, 944);
INSERT INTO public.party_votes (municipality_code, party_id, votes) VALUES ('100100', 11, 1214);
INSERT INTO public.party_votes (municipality_code, party_id, votes) VALUES ('100100', 15, 11638);
INSERT INTO public.party_votes (municipality_code, party_id, votes) VALUES ('100100', 17, 8210);
INSERT INTO public.party_votes (municipality_code, party_id, votes) VALUES ('100100', 21, 940);
INSERT INTO public.party_votes (municipality_code, party_id, votes) VALUES ('100200', 4, 174);
INSERT INTO public.party_votes (municipality_code, party_id, votes) VALUES ('100200', 15, 1578);
INSERT INTO public.party_votes (municipality_code, party_id, votes) VALUES ('100200', 17, 1532);
INSERT INTO public.party_votes (municipality_code, party_id, votes) VALUES ('100200', 21, 45);
INSERT INTO public.party_votes (municipality_code, party_id, votes) VALUES ('100300', 3, 115);
INSERT INTO public.party_votes (municipality_code, party_id, votes) VALUES ('100300', 4, 359);
INSERT INTO public.party_votes (municipality_code, party_id, votes) VALUES ('100300', 15, 2936);
INSERT INTO public.party_votes (municipality_code, party_id, votes) VALUES ('100300', 17, 3449);
INSERT INTO public.party_votes (municipality_code, party_id, votes) VALUES ('100300', 21, 92);
INSERT INTO public.party_votes (municipality_code, party_id, votes) VALUES ('100400', 3, 435);
INSERT INTO public.party_votes (municipality_code, party_id, votes) VALUES ('100400', 4, 435);
INSERT INTO public.party_votes (municipality_code, party_id, votes) VALUES ('100400', 6, 304);
INSERT INTO public.party_votes (municipality_code, party_id, votes) VALUES ('100400', 15, 3258);
INSERT INTO public.party_votes (municipality_code, party_id, votes) VALUES ('100400', 21, 101);
INSERT INTO public.party_votes (municipality_code, party_id, votes) VALUES ('100500', 3, 374);
INSERT INTO public.party_votes (municipality_code, party_id, votes) VALUES ('100500', 4, 298);
INSERT INTO public.party_votes (municipality_code, party_id, votes) VALUES ('100500', 15, 2418);
INSERT INTO public.party_votes (municipality_code, party_id, votes) VALUES ('100500', 17, 2606);
INSERT INTO public.party_votes (municipality_code, party_id, votes) VALUES ('100500', 21, 372);
INSERT INTO public.party_votes (municipality_code, party_id, votes) VALUES ('100600', 2, 523);
INSERT INTO public.party_votes (municipality_code, party_id, votes) VALUES ('100600', 4, 661);
INSERT INTO public.party_votes (municipality_code, party_id, votes) VALUES ('100600', 15, 7723);
INSERT INTO public.party_votes (municipality_code, party_id, votes) VALUES ('100600', 17, 2473);
INSERT INTO public.party_votes (municipality_code, party_id, votes) VALUES ('100600', 21, 424);
INSERT INTO public.party_votes (municipality_code, party_id, votes) VALUES ('100700', 17, 748);
INSERT INTO public.party_votes (municipality_code, party_id, votes) VALUES ('100700', 21, 16);
INSERT INTO public.party_votes (municipality_code, party_id, votes) VALUES ('100800', 4, 43);
INSERT INTO public.party_votes (municipality_code, party_id, votes) VALUES ('100800', 15, 1107);
INSERT INTO public.party_votes (municipality_code, party_id, votes) VALUES ('100800', 17, 1585);
INSERT INTO public.party_votes (municipality_code, party_id, votes) VALUES ('100800', 21, 25);
INSERT INTO public.party_votes (municipality_code, party_id, votes) VALUES ('100900', 2, 1455);
INSERT INTO public.party_votes (municipality_code, party_id, votes) VALUES ('100900', 4, 3424);
INSERT INTO public.party_votes (municipality_code, party_id, votes) VALUES ('100900', 6, 1440);
INSERT INTO public.party_votes (municipality_code, party_id, votes) VALUES ('100900', 8, 401);
INSERT INTO public.party_votes (municipality_code, party_id, votes) VALUES ('100900', 12, 1103);
INSERT INTO public.party_votes (municipality_code, party_id, votes) VALUES ('100900', 15, 13596);
INSERT INTO public.party_votes (municipality_code, party_id, votes) VALUES ('100900', 17, 31516);
INSERT INTO public.party_votes (municipality_code, party_id, votes) VALUES ('100900', 21, 1563);
INSERT INTO public.party_votes (municipality_code, party_id, votes) VALUES ('101000', 2, 619);
INSERT INTO public.party_votes (municipality_code, party_id, votes) VALUES ('101000', 3, 138);
INSERT INTO public.party_votes (municipality_code, party_id, votes) VALUES ('101000', 4, 565);
INSERT INTO public.party_votes (municipality_code, party_id, votes) VALUES ('101000', 15, 1150);
INSERT INTO public.party_votes (municipality_code, party_id, votes) VALUES ('101000', 17, 3659);
INSERT INTO public.party_votes (municipality_code, party_id, votes) VALUES ('101000', 21, 3437);
INSERT INTO public.party_votes (municipality_code, party_id, votes) VALUES ('101100', 2, 322);
INSERT INTO public.party_votes (municipality_code, party_id, votes) VALUES ('101100', 3, 106);
INSERT INTO public.party_votes (municipality_code, party_id, votes) VALUES ('101100', 15, 1784);
INSERT INTO public.party_votes (municipality_code, party_id, votes) VALUES ('101100', 17, 2846);
INSERT INTO public.party_votes (municipality_code, party_id, votes) VALUES ('101100', 21, 906);
INSERT INTO public.party_votes (municipality_code, party_id, votes) VALUES ('101200', 2, 178);
INSERT INTO public.party_votes (municipality_code, party_id, votes) VALUES ('101200', 3, 48);
INSERT INTO public.party_votes (municipality_code, party_id, votes) VALUES ('101200', 4, 277);
INSERT INTO public.party_votes (municipality_code, party_id, votes) VALUES ('101200', 15, 2724);
INSERT INTO public.party_votes (municipality_code, party_id, votes) VALUES ('101200', 17, 2207);
INSERT INTO public.party_votes (municipality_code, party_id, votes) VALUES ('101200', 21, 255);
INSERT INTO public.party_votes (municipality_code, party_id, votes) VALUES ('101300', 3, 239);
INSERT INTO public.party_votes (municipality_code, party_id, votes) VALUES ('101300', 4, 33);
INSERT INTO public.party_votes (municipality_code, party_id, votes) VALUES ('101300', 15, 1084);
INSERT INTO public.party_votes (municipality_code, party_id, votes) VALUES ('101300', 17, 581);
INSERT INTO public.party_votes (municipality_code, party_id, votes) VALUES ('101300', 21, 40);
INSERT INTO public.party_votes (municipality_code, party_id, votes) VALUES ('101400', 2, 117);
INSERT INTO public.party_votes (municipality_code, party_id, votes) VALUES ('101400', 4, 391);
INSERT INTO public.party_votes (municipality_code, party_id, votes) VALUES ('101400', 8, 161);
INSERT INTO public.party_votes (municipality_code, party_id, votes) VALUES ('101400', 15, 3246);
INSERT INTO public.party_votes (municipality_code, party_id, votes) VALUES ('101400', 17, 3028);
INSERT INTO public.party_votes (municipality_code, party_id, votes) VALUES ('101400', 21, 1273);
INSERT INTO public.party_votes (municipality_code, party_id, votes) VALUES ('101500', 2, 668);
INSERT INTO public.party_votes (municipality_code, party_id, votes) VALUES ('101500', 4, 841);
INSERT INTO public.party_votes (municipality_code, party_id, votes) VALUES ('101500', 6, 741);
INSERT INTO public.party_votes (municipality_code, party_id, votes) VALUES ('101500', 15, 14007);
INSERT INTO public.party_votes (municipality_code, party_id, votes) VALUES ('101500', 17, 4811);
INSERT INTO public.party_votes (municipality_code, party_id, votes) VALUES ('101500', 21, 407);
INSERT INTO public.party_votes (municipality_code, party_id, votes) VALUES ('101600', 4, 389);
INSERT INTO public.party_votes (municipality_code, party_id, votes) VALUES ('101600', 15, 7347);
INSERT INTO public.party_votes (municipality_code, party_id, votes) VALUES ('101600', 17, 4717);
INSERT INTO public.party_votes (municipality_code, party_id, votes) VALUES ('101600', 21, 221);
INSERT INTO public.party_votes (municipality_code, party_id, votes) VALUES ('110100', 2, 1027);
INSERT INTO public.party_votes (municipality_code, party_id, votes) VALUES ('110100', 4, 1345);
INSERT INTO public.party_votes (municipality_code, party_id, votes) VALUES ('110100', 15, 2629);
INSERT INTO public.party_votes (municipality_code, party_id, votes) VALUES ('110100', 17, 7660);
INSERT INTO public.party_votes (municipality_code, party_id, votes) VALUES ('110100', 21, 2074);
INSERT INTO public.party_votes (municipality_code, party_id, votes) VALUES ('110200', 4, 325);
INSERT INTO public.party_votes (municipality_code, party_id, votes) VALUES ('110200', 17, 4483);
INSERT INTO public.party_votes (municipality_code, party_id, votes) VALUES ('110200', 21, 367);
INSERT INTO public.party_votes (municipality_code, party_id, votes) VALUES ('110300', 2, 426);
INSERT INTO public.party_votes (municipality_code, party_id, votes) VALUES ('110300', 4, 926);
INSERT INTO public.party_votes (municipality_code, party_id, votes) VALUES ('110300', 17, 3677);
INSERT INTO public.party_votes (municipality_code, party_id, votes) VALUES ('110300', 21, 1305);
INSERT INTO public.party_votes (municipality_code, party_id, votes) VALUES ('110400', 3, 163);
INSERT INTO public.party_votes (municipality_code, party_id, votes) VALUES ('110400', 15, 3522);
INSERT INTO public.party_votes (municipality_code, party_id, votes) VALUES ('110400', 17, 2360);
INSERT INTO public.party_votes (municipality_code, party_id, votes) VALUES ('110400', 21, 353);
INSERT INTO public.party_votes (municipality_code, party_id, votes) VALUES ('110500', 2, 2919);
INSERT INTO public.party_votes (municipality_code, party_id, votes) VALUES ('110500', 4, 5927);
INSERT INTO public.party_votes (municipality_code, party_id, votes) VALUES ('110500', 6, 3469);
INSERT INTO public.party_votes (municipality_code, party_id, votes) VALUES ('110500', 21, 4304);
INSERT INTO public.party_votes (municipality_code, party_id, votes) VALUES ('110600', 2, 15057);
INSERT INTO public.party_votes (municipality_code, party_id, votes) VALUES ('110600', 4, 10730);
INSERT INTO public.party_votes (municipality_code, party_id, votes) VALUES ('110600', 5, 338);
INSERT INTO public.party_votes (municipality_code, party_id, votes) VALUES ('110600', 6, 10213);
INSERT INTO public.party_votes (municipality_code, party_id, votes) VALUES ('110600', 11, 494);
INSERT INTO public.party_votes (municipality_code, party_id, votes) VALUES ('110600', 12, 6625);
INSERT INTO public.party_votes (municipality_code, party_id, votes) VALUES ('110600', 14, 319);
INSERT INTO public.party_votes (municipality_code, party_id, votes) VALUES ('110600', 20, 1016);
INSERT INTO public.party_votes (municipality_code, party_id, votes) VALUES ('110600', 21, 25550);
INSERT INTO public.party_votes (municipality_code, party_id, votes) VALUES ('110700', 2, 3155);
INSERT INTO public.party_votes (municipality_code, party_id, votes) VALUES ('110700', 3, 1246);
INSERT INTO public.party_votes (municipality_code, party_id, votes) VALUES ('110700', 4, 6895);
INSERT INTO public.party_votes (municipality_code, party_id, votes) VALUES ('110700', 6, 2727);
INSERT INTO public.party_votes (municipality_code, party_id, votes) VALUES ('110700', 12, 1824);
INSERT INTO public.party_votes (municipality_code, party_id, votes) VALUES ('110700', 13, 1248);
INSERT INTO public.party_votes (municipality_code, party_id, votes) VALUES ('110700', 15, 11456);
INSERT INTO public.party_votes (municipality_code, party_id, votes) VALUES ('110700', 17, 25761);
INSERT INTO public.party_votes (municipality_code, party_id, votes) VALUES ('110700', 21, 23815);
INSERT INTO public.party_votes (municipality_code, party_id, votes) VALUES ('110800', 4, 1370);
INSERT INTO public.party_votes (municipality_code, party_id, votes) VALUES ('110800', 17, 5833);
INSERT INTO public.party_votes (municipality_code, party_id, votes) VALUES ('110800', 21, 569);
INSERT INTO public.party_votes (municipality_code, party_id, votes) VALUES ('110900', 2, 955);
INSERT INTO public.party_votes (municipality_code, party_id, votes) VALUES ('110900', 3, 354);
INSERT INTO public.party_votes (municipality_code, party_id, votes) VALUES ('110900', 4, 1979);
INSERT INTO public.party_votes (municipality_code, party_id, votes) VALUES ('110900', 6, 927);
INSERT INTO public.party_votes (municipality_code, party_id, votes) VALUES ('110900', 12, 1094);
INSERT INTO public.party_votes (municipality_code, party_id, votes) VALUES ('110900', 15, 20298);
INSERT INTO public.party_votes (municipality_code, party_id, votes) VALUES ('110900', 17, 6684);
INSERT INTO public.party_votes (municipality_code, party_id, votes) VALUES ('110900', 21, 1550);
INSERT INTO public.party_votes (municipality_code, party_id, votes) VALUES ('111000', 3, 1365);
INSERT INTO public.party_votes (municipality_code, party_id, votes) VALUES ('111000', 4, 2822);
INSERT INTO public.party_votes (municipality_code, party_id, votes) VALUES ('111000', 6, 3077);
INSERT INTO public.party_votes (municipality_code, party_id, votes) VALUES ('111000', 12, 2253);
INSERT INTO public.party_votes (municipality_code, party_id, votes) VALUES ('111000', 17, 7935);
INSERT INTO public.party_votes (municipality_code, party_id, votes) VALUES ('111000', 21, 3994);
INSERT INTO public.party_votes (municipality_code, party_id, votes) VALUES ('111100', 2, 7538);
INSERT INTO public.party_votes (municipality_code, party_id, votes) VALUES ('111100', 4, 11793);
INSERT INTO public.party_votes (municipality_code, party_id, votes) VALUES ('111100', 6, 3488);
INSERT INTO public.party_votes (municipality_code, party_id, votes) VALUES ('111100', 11, 3859);
INSERT INTO public.party_votes (municipality_code, party_id, votes) VALUES ('111100', 12, 4216);
INSERT INTO public.party_votes (municipality_code, party_id, votes) VALUES ('111100', 17, 45746);
INSERT INTO public.party_votes (municipality_code, party_id, votes) VALUES ('111100', 21, 11696);
INSERT INTO public.party_votes (municipality_code, party_id, votes) VALUES ('111200', 17, 1375);
INSERT INTO public.party_votes (municipality_code, party_id, votes) VALUES ('111200', 21, 2124);
INSERT INTO public.party_votes (municipality_code, party_id, votes) VALUES ('111300', 1, 1977);
INSERT INTO public.party_votes (municipality_code, party_id, votes) VALUES ('111300', 2, 818);
INSERT INTO public.party_votes (municipality_code, party_id, votes) VALUES ('111300', 4, 1572);
INSERT INTO public.party_votes (municipality_code, party_id, votes) VALUES ('111300', 17, 15257);
INSERT INTO public.party_votes (municipality_code, party_id, votes) VALUES ('111300', 21, 1784);
INSERT INTO public.party_votes (municipality_code, party_id, votes) VALUES ('111400', 2, 3120);
INSERT INTO public.party_votes (municipality_code, party_id, votes) VALUES ('111400', 4, 4441);
INSERT INTO public.party_votes (municipality_code, party_id, votes) VALUES ('111400', 12, 2017);
INSERT INTO public.party_votes (municipality_code, party_id, votes) VALUES ('111400', 17, 20684);
INSERT INTO public.party_votes (municipality_code, party_id, votes) VALUES ('111400', 21, 11368);
INSERT INTO public.party_votes (municipality_code, party_id, votes) VALUES ('111500', 2, 3305);
INSERT INTO public.party_votes (municipality_code, party_id, votes) VALUES ('111500', 4, 3390);
INSERT INTO public.party_votes (municipality_code, party_id, votes) VALUES ('111500', 6, 1729);
INSERT INTO public.party_votes (municipality_code, party_id, votes) VALUES ('111500', 9, 227);
INSERT INTO public.party_votes (municipality_code, party_id, votes) VALUES ('111500', 12, 1916);
INSERT INTO public.party_votes (municipality_code, party_id, votes) VALUES ('111500', 17, 27220);
INSERT INTO public.party_votes (municipality_code, party_id, votes) VALUES ('111500', 21, 6162);
INSERT INTO public.party_votes (municipality_code, party_id, votes) VALUES ('111600', 2, 2602);
INSERT INTO public.party_votes (municipality_code, party_id, votes) VALUES ('111600', 4, 4790);
INSERT INTO public.party_votes (municipality_code, party_id, votes) VALUES ('111600', 6, 1680);
INSERT INTO public.party_votes (municipality_code, party_id, votes) VALUES ('111600', 12, 1763);
INSERT INTO public.party_votes (municipality_code, party_id, votes) VALUES ('111600', 17, 24700);
INSERT INTO public.party_votes (municipality_code, party_id, votes) VALUES ('111600', 21, 5957);
INSERT INTO public.party_votes (municipality_code, party_id, votes) VALUES ('120100', 2, 59);
INSERT INTO public.party_votes (municipality_code, party_id, votes) VALUES ('120100', 4, 64);
INSERT INTO public.party_votes (municipality_code, party_id, votes) VALUES ('120100', 17, 779);
INSERT INTO public.party_votes (municipality_code, party_id, votes) VALUES ('120100', 21, 140);
INSERT INTO public.party_votes (municipality_code, party_id, votes) VALUES ('120200', 4, 30);
INSERT INTO public.party_votes (municipality_code, party_id, votes) VALUES ('120200', 15, 1038);
INSERT INTO public.party_votes (municipality_code, party_id, votes) VALUES ('120200', 17, 788);
INSERT INTO public.party_votes (municipality_code, party_id, votes) VALUES ('120200', 21, 50);
INSERT INTO public.party_votes (municipality_code, party_id, votes) VALUES ('120300', 15, 152);
INSERT INTO public.party_votes (municipality_code, party_id, votes) VALUES ('120300', 17, 501);
INSERT INTO public.party_votes (municipality_code, party_id, votes) VALUES ('120300', 21, 1338);
INSERT INTO public.party_votes (municipality_code, party_id, votes) VALUES ('120400', 2, 91);
INSERT INTO public.party_votes (municipality_code, party_id, votes) VALUES ('120400', 4, 492);
INSERT INTO public.party_votes (municipality_code, party_id, votes) VALUES ('120400', 17, 2225);
INSERT INTO public.party_votes (municipality_code, party_id, votes) VALUES ('120400', 21, 1271);
INSERT INTO public.party_votes (municipality_code, party_id, votes) VALUES ('120500', 3, 24);
INSERT INTO public.party_votes (municipality_code, party_id, votes) VALUES ('120500', 15, 1004);
INSERT INTO public.party_votes (municipality_code, party_id, votes) VALUES ('120500', 17, 839);
INSERT INTO public.party_votes (municipality_code, party_id, votes) VALUES ('120500', 21, 57);
INSERT INTO public.party_votes (municipality_code, party_id, votes) VALUES ('120600', 4, 20);
INSERT INTO public.party_votes (municipality_code, party_id, votes) VALUES ('120600', 11, 440);
INSERT INTO public.party_votes (municipality_code, party_id, votes) VALUES ('120600', 15, 423);
INSERT INTO public.party_votes (municipality_code, party_id, votes) VALUES ('120600', 17, 1009);
INSERT INTO public.party_votes (municipality_code, party_id, votes) VALUES ('120600', 21, 351);
INSERT INTO public.party_votes (municipality_code, party_id, votes) VALUES ('120700', 4, 1008);
INSERT INTO public.party_votes (municipality_code, party_id, votes) VALUES ('120700', 17, 3218);
INSERT INTO public.party_votes (municipality_code, party_id, votes) VALUES ('120700', 21, 396);
INSERT INTO public.party_votes (municipality_code, party_id, votes) VALUES ('120800', 4, 157);
INSERT INTO public.party_votes (municipality_code, party_id, votes) VALUES ('120800', 15, 1082);
INSERT INTO public.party_votes (municipality_code, party_id, votes) VALUES ('120800', 17, 413);
INSERT INTO public.party_votes (municipality_code, party_id, votes) VALUES ('120800', 21, 101);
INSERT INTO public.party_votes (municipality_code, party_id, votes) VALUES ('120900', 4, 82);
INSERT INTO public.party_votes (municipality_code, party_id, votes) VALUES ('120900', 15, 451);
INSERT INTO public.party_votes (municipality_code, party_id, votes) VALUES ('120900', 17, 1051);
INSERT INTO public.party_votes (municipality_code, party_id, votes) VALUES ('120900', 21, 546);
INSERT INTO public.party_votes (municipality_code, party_id, votes) VALUES ('121000', 4, 41);
INSERT INTO public.party_votes (municipality_code, party_id, votes) VALUES ('121000', 17, 912);
INSERT INTO public.party_votes (municipality_code, party_id, votes) VALUES ('121000', 21, 52);
INSERT INTO public.party_votes (municipality_code, party_id, votes) VALUES ('121100', 4, 128);
INSERT INTO public.party_votes (municipality_code, party_id, votes) VALUES ('121100', 15, 94);
INSERT INTO public.party_votes (municipality_code, party_id, votes) VALUES ('121100', 17, 402);
INSERT INTO public.party_votes (municipality_code, party_id, votes) VALUES ('121100', 21, 1119);
INSERT INTO public.party_votes (municipality_code, party_id, votes) VALUES ('121200', 4, 157);
INSERT INTO public.party_votes (municipality_code, party_id, votes) VALUES ('121200', 15, 549);
INSERT INTO public.party_votes (municipality_code, party_id, votes) VALUES ('121200', 17, 2071);
INSERT INTO public.party_votes (municipality_code, party_id, votes) VALUES ('121200', 21, 906);
INSERT INTO public.party_votes (municipality_code, party_id, votes) VALUES ('121300', 2, 244);
INSERT INTO public.party_votes (municipality_code, party_id, votes) VALUES ('121300', 4, 513);
INSERT INTO public.party_votes (municipality_code, party_id, votes) VALUES ('121300', 17, 4559);
INSERT INTO public.party_votes (municipality_code, party_id, votes) VALUES ('121300', 21, 1020);
INSERT INTO public.party_votes (municipality_code, party_id, votes) VALUES ('121400', 2, 53);
INSERT INTO public.party_votes (municipality_code, party_id, votes) VALUES ('121400', 4, 253);
INSERT INTO public.party_votes (municipality_code, party_id, votes) VALUES ('121400', 17, 3297);
INSERT INTO public.party_votes (municipality_code, party_id, votes) VALUES ('121400', 21, 853);
INSERT INTO public.party_votes (municipality_code, party_id, votes) VALUES ('121500', 4, 74);
INSERT INTO public.party_votes (municipality_code, party_id, votes) VALUES ('121500', 15, 787);
INSERT INTO public.party_votes (municipality_code, party_id, votes) VALUES ('121500', 17, 1769);
INSERT INTO public.party_votes (municipality_code, party_id, votes) VALUES ('121500', 21, 123);
INSERT INTO public.party_votes (municipality_code, party_id, votes) VALUES ('130100', 1, 16226);
INSERT INTO public.party_votes (municipality_code, party_id, votes) VALUES ('130100', 2, 659);
INSERT INTO public.party_votes (municipality_code, party_id, votes) VALUES ('130100', 4, 623);
INSERT INTO public.party_votes (municipality_code, party_id, votes) VALUES ('130100', 17, 12046);
INSERT INTO public.party_votes (municipality_code, party_id, votes) VALUES ('130100', 21, 511);
INSERT INTO public.party_votes (municipality_code, party_id, votes) VALUES ('130200', 4, 294);
INSERT INTO public.party_votes (municipality_code, party_id, votes) VALUES ('130200', 17, 6927);
INSERT INTO public.party_votes (municipality_code, party_id, votes) VALUES ('130200', 21, 136);
INSERT INTO public.party_votes (municipality_code, party_id, votes) VALUES ('130300', 3, 606);
INSERT INTO public.party_votes (municipality_code, party_id, votes) VALUES ('130300', 4, 640);
INSERT INTO public.party_votes (municipality_code, party_id, votes) VALUES ('130300', 6, 481);
INSERT INTO public.party_votes (municipality_code, party_id, votes) VALUES ('130300', 21, 607);
INSERT INTO public.party_votes (municipality_code, party_id, votes) VALUES ('130400', 2, 4114);
INSERT INTO public.party_votes (municipality_code, party_id, votes) VALUES ('130400', 4, 2853);
INSERT INTO public.party_votes (municipality_code, party_id, votes) VALUES ('130400', 6, 1944);
INSERT INTO public.party_votes (municipality_code, party_id, votes) VALUES ('130400', 12, 2055);
INSERT INTO public.party_votes (municipality_code, party_id, votes) VALUES ('130400', 17, 33541);
INSERT INTO public.party_votes (municipality_code, party_id, votes) VALUES ('130400', 21, 7702);
INSERT INTO public.party_votes (municipality_code, party_id, votes) VALUES ('130500', 2, 423);
INSERT INTO public.party_votes (municipality_code, party_id, votes) VALUES ('130500', 4, 430);
INSERT INTO public.party_votes (municipality_code, party_id, votes) VALUES ('130500', 17, 16565);
INSERT INTO public.party_votes (municipality_code, party_id, votes) VALUES ('130500', 19, 179);
INSERT INTO public.party_votes (municipality_code, party_id, votes) VALUES ('130500', 21, 325);
INSERT INTO public.party_votes (municipality_code, party_id, votes) VALUES ('130600', 2, 3159);
INSERT INTO public.party_votes (municipality_code, party_id, votes) VALUES ('130600', 4, 2355);
INSERT INTO public.party_votes (municipality_code, party_id, votes) VALUES ('130600', 6, 2240);
INSERT INTO public.party_votes (municipality_code, party_id, votes) VALUES ('130600', 12, 2291);
INSERT INTO public.party_votes (municipality_code, party_id, votes) VALUES ('130600', 16, 128);
INSERT INTO public.party_votes (municipality_code, party_id, votes) VALUES ('130600', 17, 19741);
INSERT INTO public.party_votes (municipality_code, party_id, votes) VALUES ('130600', 21, 2946);
INSERT INTO public.party_votes (municipality_code, party_id, votes) VALUES ('130700', 2, 388);
INSERT INTO public.party_votes (municipality_code, party_id, votes) VALUES ('130700', 4, 438);
INSERT INTO public.party_votes (municipality_code, party_id, votes) VALUES ('130700', 17, 17860);
INSERT INTO public.party_votes (municipality_code, party_id, votes) VALUES ('130700', 21, 462);
INSERT INTO public.party_votes (municipality_code, party_id, votes) VALUES ('130800', 2, 3940);
INSERT INTO public.party_votes (municipality_code, party_id, votes) VALUES ('130800', 4, 2647);
INSERT INTO public.party_votes (municipality_code, party_id, votes) VALUES ('130800', 6, 3267);
INSERT INTO public.party_votes (municipality_code, party_id, votes) VALUES ('130800', 12, 1888);
INSERT INTO public.party_votes (municipality_code, party_id, votes) VALUES ('130800', 17, 30382);
INSERT INTO public.party_votes (municipality_code, party_id, votes) VALUES ('130800', 21, 4576);
INSERT INTO public.party_votes (municipality_code, party_id, votes) VALUES ('130900', 3, 500);
INSERT INTO public.party_votes (municipality_code, party_id, votes) VALUES ('130900', 4, 714);
INSERT INTO public.party_votes (municipality_code, party_id, votes) VALUES ('130900', 15, 10889);
INSERT INTO public.party_votes (municipality_code, party_id, votes) VALUES ('130900', 17, 17905);
INSERT INTO public.party_votes (municipality_code, party_id, votes) VALUES ('130900', 21, 1039);
INSERT INTO public.party_votes (municipality_code, party_id, votes) VALUES ('131000', 2, 681);
INSERT INTO public.party_votes (municipality_code, party_id, votes) VALUES ('131000', 4, 821);
INSERT INTO public.party_votes (municipality_code, party_id, votes) VALUES ('131000', 17, 31015);
INSERT INTO public.party_votes (municipality_code, party_id, votes) VALUES ('131000', 21, 1166);
INSERT INTO public.party_votes (municipality_code, party_id, votes) VALUES ('131100', 2, 727);
INSERT INTO public.party_votes (municipality_code, party_id, votes) VALUES ('131100', 4, 947);
INSERT INTO public.party_votes (municipality_code, party_id, votes) VALUES ('131100', 21, 843);
INSERT INTO public.party_votes (municipality_code, party_id, votes) VALUES ('131200', 2, 6321);
INSERT INTO public.party_votes (municipality_code, party_id, votes) VALUES ('131200', 4, 2983);
INSERT INTO public.party_votes (municipality_code, party_id, votes) VALUES ('131200', 5, 79);
INSERT INTO public.party_votes (municipality_code, party_id, votes) VALUES ('131200', 8, 461);
INSERT INTO public.party_votes (municipality_code, party_id, votes) VALUES ('131200', 12, 2821);
INSERT INTO public.party_votes (municipality_code, party_id, votes) VALUES ('131200', 15, 17481);
INSERT INTO public.party_votes (municipality_code, party_id, votes) VALUES ('131200', 16, 211);
INSERT INTO public.party_votes (municipality_code, party_id, votes) VALUES ('131200', 17, 18192);
INSERT INTO public.party_votes (municipality_code, party_id, votes) VALUES ('131200', 20, 424);
INSERT INTO public.party_votes (municipality_code, party_id, votes) VALUES ('131200', 21, 7610);
INSERT INTO public.party_votes (municipality_code, party_id, votes) VALUES ('131300', 2, 826);
INSERT INTO public.party_votes (municipality_code, party_id, votes) VALUES ('131300', 3, 982);
INSERT INTO public.party_votes (municipality_code, party_id, votes) VALUES ('131300', 4, 1593);
INSERT INTO public.party_votes (municipality_code, party_id, votes) VALUES ('131300', 6, 1003);
INSERT INTO public.party_votes (municipality_code, party_id, votes) VALUES ('131300', 12, 683);
INSERT INTO public.party_votes (municipality_code, party_id, votes) VALUES ('131300', 15, 14946);
INSERT INTO public.party_votes (municipality_code, party_id, votes) VALUES ('131300', 17, 6343);
INSERT INTO public.party_votes (municipality_code, party_id, votes) VALUES ('131300', 21, 1211);
INSERT INTO public.party_votes (municipality_code, party_id, votes) VALUES ('131400', 2, 2148);
INSERT INTO public.party_votes (municipality_code, party_id, votes) VALUES ('131400', 4, 1577);
INSERT INTO public.party_votes (municipality_code, party_id, votes) VALUES ('131400', 17, 21429);
INSERT INTO public.party_votes (municipality_code, party_id, votes) VALUES ('131400', 21, 1233);
INSERT INTO public.party_votes (municipality_code, party_id, votes) VALUES ('131500', 2, 1948);
INSERT INTO public.party_votes (municipality_code, party_id, votes) VALUES ('131500', 4, 1691);
INSERT INTO public.party_votes (municipality_code, party_id, votes) VALUES ('131500', 11, 1099);
INSERT INTO public.party_votes (municipality_code, party_id, votes) VALUES ('131500', 12, 1198);
INSERT INTO public.party_votes (municipality_code, party_id, votes) VALUES ('131500', 17, 20214);
INSERT INTO public.party_votes (municipality_code, party_id, votes) VALUES ('131500', 21, 2059);
INSERT INTO public.party_votes (municipality_code, party_id, votes) VALUES ('131600', 2, 686);
INSERT INTO public.party_votes (municipality_code, party_id, votes) VALUES ('131600', 3, 461);
INSERT INTO public.party_votes (municipality_code, party_id, votes) VALUES ('131600', 4, 1095);
INSERT INTO public.party_votes (municipality_code, party_id, votes) VALUES ('131600', 6, 725);
INSERT INTO public.party_votes (municipality_code, party_id, votes) VALUES ('131600', 12, 725);
INSERT INTO public.party_votes (municipality_code, party_id, votes) VALUES ('131600', 15, 5975);
INSERT INTO public.party_votes (municipality_code, party_id, votes) VALUES ('131600', 17, 18408);
INSERT INTO public.party_votes (municipality_code, party_id, votes) VALUES ('131600', 21, 859);
INSERT INTO public.party_votes (municipality_code, party_id, votes) VALUES ('131700', 2, 5887);
INSERT INTO public.party_votes (municipality_code, party_id, votes) VALUES ('131700', 4, 5368);
INSERT INTO public.party_votes (municipality_code, party_id, votes) VALUES ('131700', 6, 3760);
INSERT INTO public.party_votes (municipality_code, party_id, votes) VALUES ('131700', 8, 582);
INSERT INTO public.party_votes (municipality_code, party_id, votes) VALUES ('131700', 12, 3484);
INSERT INTO public.party_votes (municipality_code, party_id, votes) VALUES ('131700', 17, 73713);
INSERT INTO public.party_votes (municipality_code, party_id, votes) VALUES ('131700', 21, 6162);
INSERT INTO public.party_votes (municipality_code, party_id, votes) VALUES ('131800', 4, 512);
INSERT INTO public.party_votes (municipality_code, party_id, votes) VALUES ('131800', 12, 567);
INSERT INTO public.party_votes (municipality_code, party_id, votes) VALUES ('131800', 17, 6791);
INSERT INTO public.party_votes (municipality_code, party_id, votes) VALUES ('131800', 21, 484);
INSERT INTO public.party_votes (municipality_code, party_id, votes) VALUES ('140100', 2, 1071);
INSERT INTO public.party_votes (municipality_code, party_id, votes) VALUES ('140100', 4, 912);
INSERT INTO public.party_votes (municipality_code, party_id, votes) VALUES ('140100', 15, 2422);
INSERT INTO public.party_votes (municipality_code, party_id, votes) VALUES ('140100', 17, 9623);
INSERT INTO public.party_votes (municipality_code, party_id, votes) VALUES ('140100', 21, 901);
INSERT INTO public.party_votes (municipality_code, party_id, votes) VALUES ('140200', 4, 235);
INSERT INTO public.party_votes (municipality_code, party_id, votes) VALUES ('140200', 17, 2667);
INSERT INTO public.party_votes (municipality_code, party_id, votes) VALUES ('140200', 21, 457);
INSERT INTO public.party_votes (municipality_code, party_id, votes) VALUES ('140300', 4, 654);
INSERT INTO public.party_votes (municipality_code, party_id, votes) VALUES ('140300', 17, 5647);
INSERT INTO public.party_votes (municipality_code, party_id, votes) VALUES ('140300', 21, 881);
INSERT INTO public.party_votes (municipality_code, party_id, votes) VALUES ('140400', 4, 113);
INSERT INTO public.party_votes (municipality_code, party_id, votes) VALUES ('140400', 17, 1618);
INSERT INTO public.party_votes (municipality_code, party_id, votes) VALUES ('140400', 21, 1506);
INSERT INTO public.party_votes (municipality_code, party_id, votes) VALUES ('140500', 3, 128);
INSERT INTO public.party_votes (municipality_code, party_id, votes) VALUES ('140500', 4, 1296);
INSERT INTO public.party_votes (municipality_code, party_id, votes) VALUES ('140500', 15, 2808);
INSERT INTO public.party_votes (municipality_code, party_id, votes) VALUES ('140500', 17, 1988);
INSERT INTO public.party_votes (municipality_code, party_id, votes) VALUES ('140500', 21, 3592);
INSERT INTO public.party_votes (municipality_code, party_id, votes) VALUES ('140600', 2, 473);
INSERT INTO public.party_votes (municipality_code, party_id, votes) VALUES ('140600', 4, 936);
INSERT INTO public.party_votes (municipality_code, party_id, votes) VALUES ('140600', 15, 5047);
INSERT INTO public.party_votes (municipality_code, party_id, votes) VALUES ('140600', 17, 3146);
INSERT INTO public.party_votes (municipality_code, party_id, votes) VALUES ('140600', 21, 778);
INSERT INTO public.party_votes (municipality_code, party_id, votes) VALUES ('140700', 4, 448);
INSERT INTO public.party_votes (municipality_code, party_id, votes) VALUES ('140700', 17, 2056);
INSERT INTO public.party_votes (municipality_code, party_id, votes) VALUES ('140700', 21, 1047);
INSERT INTO public.party_votes (municipality_code, party_id, votes) VALUES ('140800', 3, 61);
INSERT INTO public.party_votes (municipality_code, party_id, votes) VALUES ('140800', 4, 85);
INSERT INTO public.party_votes (municipality_code, party_id, votes) VALUES ('140800', 15, 67);
INSERT INTO public.party_votes (municipality_code, party_id, votes) VALUES ('140800', 17, 1355);
INSERT INTO public.party_votes (municipality_code, party_id, votes) VALUES ('140800', 21, 651);
INSERT INTO public.party_votes (municipality_code, party_id, votes) VALUES ('140900', 4, 471);
INSERT INTO public.party_votes (municipality_code, party_id, votes) VALUES ('140900', 15, 1263);
INSERT INTO public.party_votes (municipality_code, party_id, votes) VALUES ('140900', 17, 4210);
INSERT INTO public.party_votes (municipality_code, party_id, votes) VALUES ('140900', 21, 1929);
INSERT INTO public.party_votes (municipality_code, party_id, votes) VALUES ('141000', 2, 568);
INSERT INTO public.party_votes (municipality_code, party_id, votes) VALUES ('141000', 3, 607);
INSERT INTO public.party_votes (municipality_code, party_id, votes) VALUES ('141000', 4, 949);
INSERT INTO public.party_votes (municipality_code, party_id, votes) VALUES ('141000', 15, 2678);
INSERT INTO public.party_votes (municipality_code, party_id, votes) VALUES ('141000', 17, 2743);
INSERT INTO public.party_votes (municipality_code, party_id, votes) VALUES ('141000', 21, 502);
INSERT INTO public.party_votes (municipality_code, party_id, votes) VALUES ('141100', 4, 68);
INSERT INTO public.party_votes (municipality_code, party_id, votes) VALUES ('141100', 11, 148);
INSERT INTO public.party_votes (municipality_code, party_id, votes) VALUES ('141100', 15, 1698);
INSERT INTO public.party_votes (municipality_code, party_id, votes) VALUES ('141100', 17, 2823);
INSERT INTO public.party_votes (municipality_code, party_id, votes) VALUES ('141100', 21, 43);
INSERT INTO public.party_votes (municipality_code, party_id, votes) VALUES ('141200', 4, 81);
INSERT INTO public.party_votes (municipality_code, party_id, votes) VALUES ('141200', 17, 1351);
INSERT INTO public.party_votes (municipality_code, party_id, votes) VALUES ('141200', 21, 125);
INSERT INTO public.party_votes (municipality_code, party_id, votes) VALUES ('141300', 3, 57);
INSERT INTO public.party_votes (municipality_code, party_id, votes) VALUES ('141300', 4, 102);
INSERT INTO public.party_votes (municipality_code, party_id, votes) VALUES ('141300', 15, 2649);
INSERT INTO public.party_votes (municipality_code, party_id, votes) VALUES ('141300', 17, 1091);
INSERT INTO public.party_votes (municipality_code, party_id, votes) VALUES ('141300', 21, 109);
INSERT INTO public.party_votes (municipality_code, party_id, votes) VALUES ('141400', 2, 144);
INSERT INTO public.party_votes (municipality_code, party_id, votes) VALUES ('141400', 4, 405);
INSERT INTO public.party_votes (municipality_code, party_id, votes) VALUES ('141400', 17, 2870);
INSERT INTO public.party_votes (municipality_code, party_id, votes) VALUES ('141400', 21, 509);
INSERT INTO public.party_votes (municipality_code, party_id, votes) VALUES ('141500', 2, 1093);
INSERT INTO public.party_votes (municipality_code, party_id, votes) VALUES ('141500', 4, 1106);
INSERT INTO public.party_votes (municipality_code, party_id, votes) VALUES ('141500', 17, 4126);
INSERT INTO public.party_votes (municipality_code, party_id, votes) VALUES ('141500', 21, 740);
INSERT INTO public.party_votes (municipality_code, party_id, votes) VALUES ('141600', 2, 1132);
INSERT INTO public.party_votes (municipality_code, party_id, votes) VALUES ('141600', 3, 706);
INSERT INTO public.party_votes (municipality_code, party_id, votes) VALUES ('141600', 4, 2134);
INSERT INTO public.party_votes (municipality_code, party_id, votes) VALUES ('141600', 6, 574);
INSERT INTO public.party_votes (municipality_code, party_id, votes) VALUES ('141600', 12, 306);
INSERT INTO public.party_votes (municipality_code, party_id, votes) VALUES ('141600', 15, 10071);
INSERT INTO public.party_votes (municipality_code, party_id, votes) VALUES ('141600', 17, 8950);
INSERT INTO public.party_votes (municipality_code, party_id, votes) VALUES ('141600', 21, 1927);
INSERT INTO public.party_votes (municipality_code, party_id, votes) VALUES ('141700', 3, 14);
INSERT INTO public.party_votes (municipality_code, party_id, votes) VALUES ('141700', 4, 114);
INSERT INTO public.party_votes (municipality_code, party_id, votes) VALUES ('141700', 15, 1049);
INSERT INTO public.party_votes (municipality_code, party_id, votes) VALUES ('141700', 17, 1015);
INSERT INTO public.party_votes (municipality_code, party_id, votes) VALUES ('141700', 21, 54);
INSERT INTO public.party_votes (municipality_code, party_id, votes) VALUES ('141800', 2, 854);
INSERT INTO public.party_votes (municipality_code, party_id, votes) VALUES ('141800', 4, 1108);
INSERT INTO public.party_votes (municipality_code, party_id, votes) VALUES ('141800', 15, 6248);
INSERT INTO public.party_votes (municipality_code, party_id, votes) VALUES ('141800', 17, 7157);
INSERT INTO public.party_votes (municipality_code, party_id, votes) VALUES ('141800', 20, 220);
INSERT INTO public.party_votes (municipality_code, party_id, votes) VALUES ('141800', 21, 915);
INSERT INTO public.party_votes (municipality_code, party_id, votes) VALUES ('141900', 2, 1195);
INSERT INTO public.party_votes (municipality_code, party_id, votes) VALUES ('141900', 4, 541);
INSERT INTO public.party_votes (municipality_code, party_id, votes) VALUES ('141900', 6, 221);
INSERT INTO public.party_votes (municipality_code, party_id, votes) VALUES ('141900', 17, 7866);
INSERT INTO public.party_votes (municipality_code, party_id, votes) VALUES ('141900', 21, 1048);
INSERT INTO public.party_votes (municipality_code, party_id, votes) VALUES ('142000', 3, 28);
INSERT INTO public.party_votes (municipality_code, party_id, votes) VALUES ('142000', 4, 401);
INSERT INTO public.party_votes (municipality_code, party_id, votes) VALUES ('142000', 15, 523);
INSERT INTO public.party_votes (municipality_code, party_id, votes) VALUES ('142000', 17, 1775);
INSERT INTO public.party_votes (municipality_code, party_id, votes) VALUES ('142000', 21, 320);
INSERT INTO public.party_votes (municipality_code, party_id, votes) VALUES ('142100', 4, 1078);
INSERT INTO public.party_votes (municipality_code, party_id, votes) VALUES ('142100', 17, 4122);
INSERT INTO public.party_votes (municipality_code, party_id, votes) VALUES ('142100', 21, 482);
INSERT INTO public.party_votes (municipality_code, party_id, votes) VALUES ('150100', 4, 147);
INSERT INTO public.party_votes (municipality_code, party_id, votes) VALUES ('150100', 17, 2782);
INSERT INTO public.party_votes (municipality_code, party_id, votes) VALUES ('150100', 21, 3041);
INSERT INTO public.party_votes (municipality_code, party_id, votes) VALUES ('150200', 3, 856);
INSERT INTO public.party_votes (municipality_code, party_id, votes) VALUES ('150200', 4, 468);
INSERT INTO public.party_votes (municipality_code, party_id, votes) VALUES ('150200', 15, 602);
INSERT INTO public.party_votes (municipality_code, party_id, votes) VALUES ('150200', 17, 4732);
INSERT INTO public.party_votes (municipality_code, party_id, votes) VALUES ('150200', 21, 1983);
INSERT INTO public.party_votes (municipality_code, party_id, votes) VALUES ('150300', 2, 4817);
INSERT INTO public.party_votes (municipality_code, party_id, votes) VALUES ('150300', 4, 3988);
INSERT INTO public.party_votes (municipality_code, party_id, votes) VALUES ('150300', 6, 1393);
INSERT INTO public.party_votes (municipality_code, party_id, votes) VALUES ('150300', 12, 1636);
INSERT INTO public.party_votes (municipality_code, party_id, votes) VALUES ('150300', 17, 28203);
INSERT INTO public.party_votes (municipality_code, party_id, votes) VALUES ('150300', 21, 21031);
INSERT INTO public.party_votes (municipality_code, party_id, votes) VALUES ('150400', 2, 1010);
INSERT INTO public.party_votes (municipality_code, party_id, votes) VALUES ('150400', 3, 203);
INSERT INTO public.party_votes (municipality_code, party_id, votes) VALUES ('150400', 4, 1479);
INSERT INTO public.party_votes (municipality_code, party_id, votes) VALUES ('150400', 8, 166);
INSERT INTO public.party_votes (municipality_code, party_id, votes) VALUES ('150400', 12, 581);
INSERT INTO public.party_votes (municipality_code, party_id, votes) VALUES ('150400', 15, 2506);
INSERT INTO public.party_votes (municipality_code, party_id, votes) VALUES ('150400', 17, 19563);
INSERT INTO public.party_votes (municipality_code, party_id, votes) VALUES ('150400', 21, 8088);
INSERT INTO public.party_votes (municipality_code, party_id, votes) VALUES ('150500', 4, 185);
INSERT INTO public.party_votes (municipality_code, party_id, votes) VALUES ('150500', 17, 2762);
INSERT INTO public.party_votes (municipality_code, party_id, votes) VALUES ('150500', 21, 2934);
INSERT INTO public.party_votes (municipality_code, party_id, votes) VALUES ('150600', 2, 1858);
INSERT INTO public.party_votes (municipality_code, party_id, votes) VALUES ('150600', 4, 2206);
INSERT INTO public.party_votes (municipality_code, party_id, votes) VALUES ('150600', 12, 674);
INSERT INTO public.party_votes (municipality_code, party_id, votes) VALUES ('150600', 17, 9258);
INSERT INTO public.party_votes (municipality_code, party_id, votes) VALUES ('150600', 21, 8144);
INSERT INTO public.party_votes (municipality_code, party_id, votes) VALUES ('150700', 2, 827);
INSERT INTO public.party_votes (municipality_code, party_id, votes) VALUES ('150700', 4, 1301);
INSERT INTO public.party_votes (municipality_code, party_id, votes) VALUES ('150700', 6, 871);
INSERT INTO public.party_votes (municipality_code, party_id, votes) VALUES ('150700', 12, 634);
INSERT INTO public.party_votes (municipality_code, party_id, votes) VALUES ('150700', 16, 201);
INSERT INTO public.party_votes (municipality_code, party_id, votes) VALUES ('150700', 17, 5898);
INSERT INTO public.party_votes (municipality_code, party_id, votes) VALUES ('150700', 21, 3879);
INSERT INTO public.party_votes (municipality_code, party_id, votes) VALUES ('150800', 2, 1021);
INSERT INTO public.party_votes (municipality_code, party_id, votes) VALUES ('150800', 4, 1870);
INSERT INTO public.party_votes (municipality_code, party_id, votes) VALUES ('150800', 11, 358);
INSERT INTO public.party_votes (municipality_code, party_id, votes) VALUES ('150800', 15, 2084);
INSERT INTO public.party_votes (municipality_code, party_id, votes) VALUES ('150800', 16, 43);
INSERT INTO public.party_votes (municipality_code, party_id, votes) VALUES ('150800', 17, 5689);
INSERT INTO public.party_votes (municipality_code, party_id, votes) VALUES ('150800', 19, 203);
INSERT INTO public.party_votes (municipality_code, party_id, votes) VALUES ('150800', 21, 7522);
INSERT INTO public.party_votes (municipality_code, party_id, votes) VALUES ('150900', 2, 644);
INSERT INTO public.party_votes (municipality_code, party_id, votes) VALUES ('150900', 4, 626);
INSERT INTO public.party_votes (municipality_code, party_id, votes) VALUES ('150900', 17, 3417);
INSERT INTO public.party_votes (municipality_code, party_id, votes) VALUES ('150900', 21, 5465);
INSERT INTO public.party_votes (municipality_code, party_id, votes) VALUES ('151000', 2, 2701);
INSERT INTO public.party_votes (municipality_code, party_id, votes) VALUES ('151000', 4, 5027);
INSERT INTO public.party_votes (municipality_code, party_id, votes) VALUES ('151000', 6, 1146);
INSERT INTO public.party_votes (municipality_code, party_id, votes) VALUES ('151000', 12, 1713);
INSERT INTO public.party_votes (municipality_code, party_id, votes) VALUES ('151000', 15, 5798);
INSERT INTO public.party_votes (municipality_code, party_id, votes) VALUES ('151000', 17, 19213);
INSERT INTO public.party_votes (municipality_code, party_id, votes) VALUES ('151000', 21, 23492);
INSERT INTO public.party_votes (municipality_code, party_id, votes) VALUES ('151100', 2, 1031);
INSERT INTO public.party_votes (municipality_code, party_id, votes) VALUES ('151100', 4, 1805);
INSERT INTO public.party_votes (municipality_code, party_id, votes) VALUES ('151100', 15, 1445);
INSERT INTO public.party_votes (municipality_code, party_id, votes) VALUES ('151100', 17, 5981);
INSERT INTO public.party_votes (municipality_code, party_id, votes) VALUES ('151100', 21, 6632);
INSERT INTO public.party_votes (municipality_code, party_id, votes) VALUES ('151200', 2, 1882);
INSERT INTO public.party_votes (municipality_code, party_id, votes) VALUES ('151200', 3, 754);
INSERT INTO public.party_votes (municipality_code, party_id, votes) VALUES ('151200', 4, 2609);
INSERT INTO public.party_votes (municipality_code, party_id, votes) VALUES ('151200', 6, 1034);
INSERT INTO public.party_votes (municipality_code, party_id, votes) VALUES ('151200', 12, 999);
INSERT INTO public.party_votes (municipality_code, party_id, votes) VALUES ('151200', 15, 7413);
INSERT INTO public.party_votes (municipality_code, party_id, votes) VALUES ('151200', 17, 12318);
INSERT INTO public.party_votes (municipality_code, party_id, votes) VALUES ('151200', 21, 15336);
INSERT INTO public.party_votes (municipality_code, party_id, votes) VALUES ('151300', 4, 210);
INSERT INTO public.party_votes (municipality_code, party_id, votes) VALUES ('151300', 17, 3041);
INSERT INTO public.party_votes (municipality_code, party_id, votes) VALUES ('151300', 21, 867);
INSERT INTO public.party_votes (municipality_code, party_id, votes) VALUES ('160100', 3, 353);
INSERT INTO public.party_votes (municipality_code, party_id, votes) VALUES ('160100', 4, 378);
INSERT INTO public.party_votes (municipality_code, party_id, votes) VALUES ('160100', 15, 8219);
INSERT INTO public.party_votes (municipality_code, party_id, votes) VALUES ('160100', 17, 4275);
INSERT INTO public.party_votes (municipality_code, party_id, votes) VALUES ('160100', 21, 300);
INSERT INTO public.party_votes (municipality_code, party_id, votes) VALUES ('160200', 2, 339);
INSERT INTO public.party_votes (municipality_code, party_id, votes) VALUES ('160200', 17, 4661);
INSERT INTO public.party_votes (municipality_code, party_id, votes) VALUES ('160200', 21, 447);
INSERT INTO public.party_votes (municipality_code, party_id, votes) VALUES ('160300', 15, 1504);
INSERT INTO public.party_votes (municipality_code, party_id, votes) VALUES ('160300', 17, 2246);
INSERT INTO public.party_votes (municipality_code, party_id, votes) VALUES ('160300', 21, 108);
INSERT INTO public.party_votes (municipality_code, party_id, votes) VALUES ('160400', 3, 206);
INSERT INTO public.party_votes (municipality_code, party_id, votes) VALUES ('160400', 4, 207);
INSERT INTO public.party_votes (municipality_code, party_id, votes) VALUES ('160400', 15, 7305);
INSERT INTO public.party_votes (municipality_code, party_id, votes) VALUES ('160400', 17, 3490);
INSERT INTO public.party_votes (municipality_code, party_id, votes) VALUES ('160400', 21, 114);
INSERT INTO public.party_votes (municipality_code, party_id, votes) VALUES ('160500', 17, 3332);
INSERT INTO public.party_votes (municipality_code, party_id, votes) VALUES ('160500', 21, 409);
INSERT INTO public.party_votes (municipality_code, party_id, votes) VALUES ('160600', 3, 104);
INSERT INTO public.party_votes (municipality_code, party_id, votes) VALUES ('160600', 4, 133);
INSERT INTO public.party_votes (municipality_code, party_id, votes) VALUES ('160600', 15, 3892);
INSERT INTO public.party_votes (municipality_code, party_id, votes) VALUES ('160600', 17, 3737);
INSERT INTO public.party_votes (municipality_code, party_id, votes) VALUES ('160600', 21, 183);
INSERT INTO public.party_votes (municipality_code, party_id, votes) VALUES ('160700', 3, 11904);
INSERT INTO public.party_votes (municipality_code, party_id, votes) VALUES ('160700', 4, 325);
INSERT INTO public.party_votes (municipality_code, party_id, votes) VALUES ('160700', 15, 3070);
INSERT INTO public.party_votes (municipality_code, party_id, votes) VALUES ('160700', 16, 129);
INSERT INTO public.party_votes (municipality_code, party_id, votes) VALUES ('160700', 21, 587);
INSERT INTO public.party_votes (municipality_code, party_id, votes) VALUES ('160800', 4, 87);
INSERT INTO public.party_votes (municipality_code, party_id, votes) VALUES ('160800', 11, 567);
INSERT INTO public.party_votes (municipality_code, party_id, votes) VALUES ('160800', 15, 2409);
INSERT INTO public.party_votes (municipality_code, party_id, votes) VALUES ('160800', 17, 3421);
INSERT INTO public.party_votes (municipality_code, party_id, votes) VALUES ('160800', 21, 96);
INSERT INTO public.party_votes (municipality_code, party_id, votes) VALUES ('160900', 1, 1788);
INSERT INTO public.party_votes (municipality_code, party_id, votes) VALUES ('160900', 2, 2114);
INSERT INTO public.party_votes (municipality_code, party_id, votes) VALUES ('160900', 4, 1605);
INSERT INTO public.party_votes (municipality_code, party_id, votes) VALUES ('160900', 6, 836);
INSERT INTO public.party_votes (municipality_code, party_id, votes) VALUES ('160900', 11, 472);
INSERT INTO public.party_votes (municipality_code, party_id, votes) VALUES ('160900', 17, 20973);
INSERT INTO public.party_votes (municipality_code, party_id, votes) VALUES ('160900', 21, 4673);
INSERT INTO public.party_votes (municipality_code, party_id, votes) VALUES ('161000', 2, 106);
INSERT INTO public.party_votes (municipality_code, party_id, votes) VALUES ('161000', 4, 159);
INSERT INTO public.party_votes (municipality_code, party_id, votes) VALUES ('161000', 17, 3080);
INSERT INTO public.party_votes (municipality_code, party_id, votes) VALUES ('161000', 21, 34);
INSERT INTO public.party_votes (municipality_code, party_id, votes) VALUES ('170100', 4, 142);
INSERT INTO public.party_votes (municipality_code, party_id, votes) VALUES ('170100', 17, 2285);
INSERT INTO public.party_votes (municipality_code, party_id, votes) VALUES ('170100', 21, 131);
INSERT INTO public.party_votes (municipality_code, party_id, votes) VALUES ('170200', 4, 63);
INSERT INTO public.party_votes (municipality_code, party_id, votes) VALUES ('170200', 15, 2966);
INSERT INTO public.party_votes (municipality_code, party_id, votes) VALUES ('170200', 21, 153);
INSERT INTO public.party_votes (municipality_code, party_id, votes) VALUES ('170300', 4, 497);
INSERT INTO public.party_votes (municipality_code, party_id, votes) VALUES ('170300', 17, 13003);
INSERT INTO public.party_votes (municipality_code, party_id, votes) VALUES ('170300', 21, 771);
INSERT INTO public.party_votes (municipality_code, party_id, votes) VALUES ('170400', 17, 1258);
INSERT INTO public.party_votes (municipality_code, party_id, votes) VALUES ('170400', 21, 30);
INSERT INTO public.party_votes (municipality_code, party_id, votes) VALUES ('170500', 3, 281);
INSERT INTO public.party_votes (municipality_code, party_id, votes) VALUES ('170500', 15, 2331);
INSERT INTO public.party_votes (municipality_code, party_id, votes) VALUES ('170500', 17, 2006);
INSERT INTO public.party_votes (municipality_code, party_id, votes) VALUES ('170500', 21, 40);
INSERT INTO public.party_votes (municipality_code, party_id, votes) VALUES ('170600', 17, 3842);
INSERT INTO public.party_votes (municipality_code, party_id, votes) VALUES ('170600', 21, 143);
INSERT INTO public.party_votes (municipality_code, party_id, votes) VALUES ('170700', 3, 158);
INSERT INTO public.party_votes (municipality_code, party_id, votes) VALUES ('170700', 15, 2249);
INSERT INTO public.party_votes (municipality_code, party_id, votes) VALUES ('170700', 17, 1331);
INSERT INTO public.party_votes (municipality_code, party_id, votes) VALUES ('170700', 21, 31);
INSERT INTO public.party_votes (municipality_code, party_id, votes) VALUES ('170800', 2, 198);
INSERT INTO public.party_votes (municipality_code, party_id, votes) VALUES ('170800', 3, 56);
INSERT INTO public.party_votes (municipality_code, party_id, votes) VALUES ('170800', 4, 174);
INSERT INTO public.party_votes (municipality_code, party_id, votes) VALUES ('170800', 15, 4827);
INSERT INTO public.party_votes (municipality_code, party_id, votes) VALUES ('170800', 17, 3312);
INSERT INTO public.party_votes (municipality_code, party_id, votes) VALUES ('170800', 21, 141);
INSERT INTO public.party_votes (municipality_code, party_id, votes) VALUES ('170900', 4, 56);
INSERT INTO public.party_votes (municipality_code, party_id, votes) VALUES ('170900', 17, 2969);
INSERT INTO public.party_votes (municipality_code, party_id, votes) VALUES ('170900', 21, 25);
INSERT INTO public.party_votes (municipality_code, party_id, votes) VALUES ('171000', 3, 335);
INSERT INTO public.party_votes (municipality_code, party_id, votes) VALUES ('171000', 4, 43);
INSERT INTO public.party_votes (municipality_code, party_id, votes) VALUES ('171000', 15, 1150);
INSERT INTO public.party_votes (municipality_code, party_id, votes) VALUES ('171000', 17, 1218);
INSERT INTO public.party_votes (municipality_code, party_id, votes) VALUES ('171000', 21, 57);
INSERT INTO public.party_votes (municipality_code, party_id, votes) VALUES ('171100', 17, 2626);
INSERT INTO public.party_votes (municipality_code, party_id, votes) VALUES ('171100', 21, 100);
INSERT INTO public.party_votes (municipality_code, party_id, votes) VALUES ('171200', 3, 303);
INSERT INTO public.party_votes (municipality_code, party_id, votes) VALUES ('171200', 4, 198);
INSERT INTO public.party_votes (municipality_code, party_id, votes) VALUES ('171200', 15, 7368);
INSERT INTO public.party_votes (municipality_code, party_id, votes) VALUES ('171200', 17, 1359);
INSERT INTO public.party_votes (municipality_code, party_id, votes) VALUES ('171200', 21, 116);
INSERT INTO public.party_votes (municipality_code, party_id, votes) VALUES ('171300', 3, 112);
INSERT INTO public.party_votes (municipality_code, party_id, votes) VALUES ('171300', 4, 159);
INSERT INTO public.party_votes (municipality_code, party_id, votes) VALUES ('171300', 15, 5681);
INSERT INTO public.party_votes (municipality_code, party_id, votes) VALUES ('171300', 17, 2312);
INSERT INTO public.party_votes (municipality_code, party_id, votes) VALUES ('171300', 21, 149);
INSERT INTO public.party_votes (municipality_code, party_id, votes) VALUES ('171400', 2, 802);
INSERT INTO public.party_votes (municipality_code, party_id, votes) VALUES ('171400', 4, 1246);
INSERT INTO public.party_votes (municipality_code, party_id, votes) VALUES ('171400', 17, 17472);
INSERT INTO public.party_votes (municipality_code, party_id, votes) VALUES ('171400', 21, 633);
INSERT INTO public.party_votes (municipality_code, party_id, votes) VALUES ('180100', 21, 319);
INSERT INTO public.party_votes (municipality_code, party_id, votes) VALUES ('180200', 2, 73);
INSERT INTO public.party_votes (municipality_code, party_id, votes) VALUES ('180200', 3, 205);
INSERT INTO public.party_votes (municipality_code, party_id, votes) VALUES ('180200', 15, 855);
INSERT INTO public.party_votes (municipality_code, party_id, votes) VALUES ('180200', 17, 2869);
INSERT INTO public.party_votes (municipality_code, party_id, votes) VALUES ('180200', 21, 43);
INSERT INTO public.party_votes (municipality_code, party_id, votes) VALUES ('180300', 4, 384);
INSERT INTO public.party_votes (municipality_code, party_id, votes) VALUES ('180300', 17, 2700);
INSERT INTO public.party_votes (municipality_code, party_id, votes) VALUES ('180300', 21, 191);
INSERT INTO public.party_votes (municipality_code, party_id, votes) VALUES ('180400', 17, 6696);
INSERT INTO public.party_votes (municipality_code, party_id, votes) VALUES ('180400', 21, 196);
INSERT INTO public.party_votes (municipality_code, party_id, votes) VALUES ('180500', 4, 630);
INSERT INTO public.party_votes (municipality_code, party_id, votes) VALUES ('180500', 17, 6725);
INSERT INTO public.party_votes (municipality_code, party_id, votes) VALUES ('180500', 21, 382);
INSERT INTO public.party_votes (municipality_code, party_id, votes) VALUES ('180600', 4, 1199);
INSERT INTO public.party_votes (municipality_code, party_id, votes) VALUES ('180600', 17, 5777);
INSERT INTO public.party_votes (municipality_code, party_id, votes) VALUES ('180600', 21, 270);
INSERT INTO public.party_votes (municipality_code, party_id, votes) VALUES ('180700', 4, 146);
INSERT INTO public.party_votes (municipality_code, party_id, votes) VALUES ('180700', 17, 3531);
INSERT INTO public.party_votes (municipality_code, party_id, votes) VALUES ('180700', 21, 80);
INSERT INTO public.party_votes (municipality_code, party_id, votes) VALUES ('180800', 17, 3231);
INSERT INTO public.party_votes (municipality_code, party_id, votes) VALUES ('180800', 21, 53);
INSERT INTO public.party_votes (municipality_code, party_id, votes) VALUES ('180900', 17, 3023);
INSERT INTO public.party_votes (municipality_code, party_id, votes) VALUES ('180900', 21, 263);
INSERT INTO public.party_votes (municipality_code, party_id, votes) VALUES ('181000', 11, 2496);
INSERT INTO public.party_votes (municipality_code, party_id, votes) VALUES ('181000', 17, 395);
INSERT INTO public.party_votes (municipality_code, party_id, votes) VALUES ('181000', 21, 186);
INSERT INTO public.party_votes (municipality_code, party_id, votes) VALUES ('181100', 17, 2893);
INSERT INTO public.party_votes (municipality_code, party_id, votes) VALUES ('181100', 21, 81);
INSERT INTO public.party_votes (municipality_code, party_id, votes) VALUES ('181200', 15, 943);
INSERT INTO public.party_votes (municipality_code, party_id, votes) VALUES ('181200', 17, 651);
INSERT INTO public.party_votes (municipality_code, party_id, votes) VALUES ('181200', 21, 15);
INSERT INTO public.party_votes (municipality_code, party_id, votes) VALUES ('181300', 15, 3506);
INSERT INTO public.party_votes (municipality_code, party_id, votes) VALUES ('181300', 17, 3650);
INSERT INTO public.party_votes (municipality_code, party_id, votes) VALUES ('181300', 21, 68);
INSERT INTO public.party_votes (municipality_code, party_id, votes) VALUES ('181400', 17, 3323);
INSERT INTO public.party_votes (municipality_code, party_id, votes) VALUES ('181400', 21, 174);
INSERT INTO public.party_votes (municipality_code, party_id, votes) VALUES ('181500', 21, 81);
INSERT INTO public.party_votes (municipality_code, party_id, votes) VALUES ('181600', 4, 251);
INSERT INTO public.party_votes (municipality_code, party_id, votes) VALUES ('181600', 15, 3251);
INSERT INTO public.party_votes (municipality_code, party_id, votes) VALUES ('181600', 17, 5988);
INSERT INTO public.party_votes (municipality_code, party_id, votes) VALUES ('181600', 21, 178);
INSERT INTO public.party_votes (municipality_code, party_id, votes) VALUES ('181700', 4, 483);
INSERT INTO public.party_votes (municipality_code, party_id, votes) VALUES ('181700', 15, 3651);
INSERT INTO public.party_votes (municipality_code, party_id, votes) VALUES ('181700', 17, 3075);
INSERT INTO public.party_votes (municipality_code, party_id, votes) VALUES ('181700', 21, 156);
INSERT INTO public.party_votes (municipality_code, party_id, votes) VALUES ('181800', 15, 3228);
INSERT INTO public.party_votes (municipality_code, party_id, votes) VALUES ('181800', 17, 369);
INSERT INTO public.party_votes (municipality_code, party_id, votes) VALUES ('181800', 21, 157);
INSERT INTO public.party_votes (municipality_code, party_id, votes) VALUES ('181900', 4, 147);
INSERT INTO public.party_votes (municipality_code, party_id, votes) VALUES ('181900', 17, 617);
INSERT INTO public.party_votes (municipality_code, party_id, votes) VALUES ('181900', 21, 30);
INSERT INTO public.party_votes (municipality_code, party_id, votes) VALUES ('182000', 15, 2674);
INSERT INTO public.party_votes (municipality_code, party_id, votes) VALUES ('182000', 21, 117);
INSERT INTO public.party_votes (municipality_code, party_id, votes) VALUES ('182100', 4, 585);
INSERT INTO public.party_votes (municipality_code, party_id, votes) VALUES ('182100', 15, 7089);
INSERT INTO public.party_votes (municipality_code, party_id, votes) VALUES ('182100', 17, 6845);
INSERT INTO public.party_votes (municipality_code, party_id, votes) VALUES ('182100', 21, 479);
INSERT INTO public.party_votes (municipality_code, party_id, votes) VALUES ('182200', 11, 547);
INSERT INTO public.party_votes (municipality_code, party_id, votes) VALUES ('182200', 15, 1112);
INSERT INTO public.party_votes (municipality_code, party_id, votes) VALUES ('182200', 17, 1419);
INSERT INTO public.party_votes (municipality_code, party_id, votes) VALUES ('182200', 21, 54);
INSERT INTO public.party_votes (municipality_code, party_id, votes) VALUES ('182300', 2, 1052);
INSERT INTO public.party_votes (municipality_code, party_id, votes) VALUES ('182300', 3, 1055);
INSERT INTO public.party_votes (municipality_code, party_id, votes) VALUES ('182300', 4, 1544);
INSERT INTO public.party_votes (municipality_code, party_id, votes) VALUES ('182300', 6, 1146);
INSERT INTO public.party_votes (municipality_code, party_id, votes) VALUES ('182300', 12, 657);
INSERT INTO public.party_votes (municipality_code, party_id, votes) VALUES ('182300', 15, 24414);
INSERT INTO public.party_votes (municipality_code, party_id, votes) VALUES ('182300', 17, 19994);
INSERT INTO public.party_votes (municipality_code, party_id, votes) VALUES ('182300', 21, 609);
INSERT INTO public.party_votes (municipality_code, party_id, votes) VALUES ('182400', 4, 196);
INSERT INTO public.party_votes (municipality_code, party_id, votes) VALUES ('182400', 15, 3609);
INSERT INTO public.party_votes (municipality_code, party_id, votes) VALUES ('182400', 17, 1971);
INSERT INTO public.party_votes (municipality_code, party_id, votes) VALUES ('182400', 21, 97);
INSERT INTO public.party_votes (municipality_code, party_id, votes) VALUES ('310100', 3, 819);
INSERT INTO public.party_votes (municipality_code, party_id, votes) VALUES ('310100', 15, 5047);
INSERT INTO public.party_votes (municipality_code, party_id, votes) VALUES ('310100', 17, 870);
INSERT INTO public.party_votes (municipality_code, party_id, votes) VALUES ('310100', 18, 54);
INSERT INTO public.party_votes (municipality_code, party_id, votes) VALUES ('310100', 21, 68);
INSERT INTO public.party_votes (municipality_code, party_id, votes) VALUES ('310200', 3, 1226);
INSERT INTO public.party_votes (municipality_code, party_id, votes) VALUES ('310200', 4, 697);
INSERT INTO public.party_votes (municipality_code, party_id, votes) VALUES ('310200', 7, 480);
INSERT INTO public.party_votes (municipality_code, party_id, votes) VALUES ('310200', 15, 9866);
INSERT INTO public.party_votes (municipality_code, party_id, votes) VALUES ('310200', 17, 2845);
INSERT INTO public.party_votes (municipality_code, party_id, votes) VALUES ('310200', 18, 189);
INSERT INTO public.party_votes (municipality_code, party_id, votes) VALUES ('310200', 19, 78);
INSERT INTO public.party_votes (municipality_code, party_id, votes) VALUES ('310200', 21, 378);
INSERT INTO public.party_votes (municipality_code, party_id, votes) VALUES ('310300', 4, 1471);
INSERT INTO public.party_votes (municipality_code, party_id, votes) VALUES ('310300', 6, 718);
INSERT INTO public.party_votes (municipality_code, party_id, votes) VALUES ('310300', 7, 966);
INSERT INTO public.party_votes (municipality_code, party_id, votes) VALUES ('310300', 8, 252);
INSERT INTO public.party_votes (municipality_code, party_id, votes) VALUES ('310300', 16, 258);
INSERT INTO public.party_votes (municipality_code, party_id, votes) VALUES ('310300', 18, 632);
INSERT INTO public.party_votes (municipality_code, party_id, votes) VALUES ('310300', 21, 1657);
INSERT INTO public.party_votes (municipality_code, party_id, votes) VALUES ('310400', 4, 235);
INSERT INTO public.party_votes (municipality_code, party_id, votes) VALUES ('310400', 6, 189);
INSERT INTO public.party_votes (municipality_code, party_id, votes) VALUES ('310400', 7, 495);
INSERT INTO public.party_votes (municipality_code, party_id, votes) VALUES ('310400', 17, 5951);
INSERT INTO public.party_votes (municipality_code, party_id, votes) VALUES ('310400', 18, 68);
INSERT INTO public.party_votes (municipality_code, party_id, votes) VALUES ('310400', 21, 90);
INSERT INTO public.party_votes (municipality_code, party_id, votes) VALUES ('310500', 6, 62);
INSERT INTO public.party_votes (municipality_code, party_id, votes) VALUES ('310500', 7, 180);
INSERT INTO public.party_votes (municipality_code, party_id, votes) VALUES ('310500', 17, 2978);
INSERT INTO public.party_votes (municipality_code, party_id, votes) VALUES ('310500', 18, 37);
INSERT INTO public.party_votes (municipality_code, party_id, votes) VALUES ('310500', 19, 10);
INSERT INTO public.party_votes (municipality_code, party_id, votes) VALUES ('310500', 21, 47);
INSERT INTO public.party_votes (municipality_code, party_id, votes) VALUES ('310600', 17, 1147);
INSERT INTO public.party_votes (municipality_code, party_id, votes) VALUES ('310600', 21, 24);
INSERT INTO public.party_votes (municipality_code, party_id, votes) VALUES ('310700', 4, 596);
INSERT INTO public.party_votes (municipality_code, party_id, votes) VALUES ('310700', 17, 1542);
INSERT INTO public.party_votes (municipality_code, party_id, votes) VALUES ('310700', 18, 152);
INSERT INTO public.party_votes (municipality_code, party_id, votes) VALUES ('310700', 21, 129);
INSERT INTO public.party_votes (municipality_code, party_id, votes) VALUES ('310800', 4, 500);
INSERT INTO public.party_votes (municipality_code, party_id, votes) VALUES ('310800', 6, 229);
INSERT INTO public.party_votes (municipality_code, party_id, votes) VALUES ('310800', 7, 11932);
INSERT INTO public.party_votes (municipality_code, party_id, votes) VALUES ('310800', 17, 1673);
INSERT INTO public.party_votes (municipality_code, party_id, votes) VALUES ('310800', 18, 369);
INSERT INTO public.party_votes (municipality_code, party_id, votes) VALUES ('310800', 19, 96);
INSERT INTO public.party_votes (municipality_code, party_id, votes) VALUES ('310800', 21, 364);
INSERT INTO public.party_votes (municipality_code, party_id, votes) VALUES ('310900', 3, 2720);
INSERT INTO public.party_votes (municipality_code, party_id, votes) VALUES ('310900', 15, 1267);
INSERT INTO public.party_votes (municipality_code, party_id, votes) VALUES ('310900', 17, 499);
INSERT INTO public.party_votes (municipality_code, party_id, votes) VALUES ('310900', 19, 28);
INSERT INTO public.party_votes (municipality_code, party_id, votes) VALUES ('310900', 21, 43);
INSERT INTO public.party_votes (municipality_code, party_id, votes) VALUES ('311000', 6, 412);
INSERT INTO public.party_votes (municipality_code, party_id, votes) VALUES ('311000', 17, 309);
INSERT INTO public.party_votes (municipality_code, party_id, votes) VALUES ('311000', 18, 63);
INSERT INTO public.party_votes (municipality_code, party_id, votes) VALUES ('311000', 19, 24);
INSERT INTO public.party_votes (municipality_code, party_id, votes) VALUES ('311000', 21, 33);
INSERT INTO public.party_votes (municipality_code, party_id, votes) VALUES ('320100', 16, 26);
INSERT INTO public.party_votes (municipality_code, party_id, votes) VALUES ('320100', 17, 1091);
INSERT INTO public.party_votes (municipality_code, party_id, votes) VALUES ('320100', 21, 22);
INSERT INTO public.party_votes (municipality_code, party_id, votes) VALUES ('410100', 2, 125);
INSERT INTO public.party_votes (municipality_code, party_id, votes) VALUES ('410100', 15, 1045);
INSERT INTO public.party_votes (municipality_code, party_id, votes) VALUES ('410100', 17, 1732);
INSERT INTO public.party_votes (municipality_code, party_id, votes) VALUES ('410100', 21, 32);
INSERT INTO public.party_votes (municipality_code, party_id, votes) VALUES ('420100', 2, 145);
INSERT INTO public.party_votes (municipality_code, party_id, votes) VALUES ('420100', 4, 143);
INSERT INTO public.party_votes (municipality_code, party_id, votes) VALUES ('420100', 17, 4031);
INSERT INTO public.party_votes (municipality_code, party_id, votes) VALUES ('420100', 21, 39);
INSERT INTO public.party_votes (municipality_code, party_id, votes) VALUES ('420200', 4, 31);
INSERT INTO public.party_votes (municipality_code, party_id, votes) VALUES ('420200', 15, 2118);
INSERT INTO public.party_votes (municipality_code, party_id, votes) VALUES ('420200', 17, 648);
INSERT INTO public.party_votes (municipality_code, party_id, votes) VALUES ('420200', 21, 97);
INSERT INTO public.party_votes (municipality_code, party_id, votes) VALUES ('420300', 2, 791);
INSERT INTO public.party_votes (municipality_code, party_id, votes) VALUES ('420300', 4, 558);
INSERT INTO public.party_votes (municipality_code, party_id, votes) VALUES ('420300', 6, 776);
INSERT INTO public.party_votes (municipality_code, party_id, votes) VALUES ('420300', 12, 581);
INSERT INTO public.party_votes (municipality_code, party_id, votes) VALUES ('420300', 15, 14069);
INSERT INTO public.party_votes (municipality_code, party_id, votes) VALUES ('420300', 17, 10758);
INSERT INTO public.party_votes (municipality_code, party_id, votes) VALUES ('420300', 21, 343);
INSERT INTO public.party_votes (municipality_code, party_id, votes) VALUES ('420400', 4, 12);
INSERT INTO public.party_votes (municipality_code, party_id, votes) VALUES ('420400', 15, 1247);
INSERT INTO public.party_votes (municipality_code, party_id, votes) VALUES ('420400', 17, 2576);
INSERT INTO public.party_votes (municipality_code, party_id, votes) VALUES ('420400', 21, 26);
INSERT INTO public.party_votes (municipality_code, party_id, votes) VALUES ('420500', 2, 287);
INSERT INTO public.party_votes (municipality_code, party_id, votes) VALUES ('420500', 4, 240);
INSERT INTO public.party_votes (municipality_code, party_id, votes) VALUES ('420500', 15, 9568);
INSERT INTO public.party_votes (municipality_code, party_id, votes) VALUES ('420500', 17, 4984);
INSERT INTO public.party_votes (municipality_code, party_id, votes) VALUES ('420500', 21, 124);
INSERT INTO public.party_votes (municipality_code, party_id, votes) VALUES ('420600', 4, 66);
INSERT INTO public.party_votes (municipality_code, party_id, votes) VALUES ('420600', 15, 2539);
INSERT INTO public.party_votes (municipality_code, party_id, votes) VALUES ('420600', 17, 2848);
INSERT INTO public.party_votes (municipality_code, party_id, votes) VALUES ('420600', 21, 41);
INSERT INTO public.party_votes (municipality_code, party_id, votes) VALUES ('430100', 2, 490);
INSERT INTO public.party_votes (municipality_code, party_id, votes) VALUES ('430100', 4, 337);
INSERT INTO public.party_votes (municipality_code, party_id, votes) VALUES ('430100', 17, 9826);
INSERT INTO public.party_votes (municipality_code, party_id, votes) VALUES ('430100', 21, 206);
INSERT INTO public.party_votes (municipality_code, party_id, votes) VALUES ('430200', 2, 88);
INSERT INTO public.party_votes (municipality_code, party_id, votes) VALUES ('430200', 4, 141);
INSERT INTO public.party_votes (municipality_code, party_id, votes) VALUES ('430200', 17, 4304);
INSERT INTO public.party_votes (municipality_code, party_id, votes) VALUES ('430200', 21, 72);
INSERT INTO public.party_votes (municipality_code, party_id, votes) VALUES ('440100', 17, 1077);
INSERT INTO public.party_votes (municipality_code, party_id, votes) VALUES ('450100', 17, 1020);
INSERT INTO public.party_votes (municipality_code, party_id, votes) VALUES ('450200', 3, 2078);
INSERT INTO public.party_votes (municipality_code, party_id, votes) VALUES ('450200', 17, 855);
INSERT INTO public.party_votes (municipality_code, party_id, votes) VALUES ('460100', 17, 1765);
INSERT INTO public.party_votes (municipality_code, party_id, votes) VALUES ('460100', 21, 95);
INSERT INTO public.party_votes (municipality_code, party_id, votes) VALUES ('460200', 2, 73);
INSERT INTO public.party_votes (municipality_code, party_id, votes) VALUES ('460200', 15, 2254);
INSERT INTO public.party_votes (municipality_code, party_id, votes) VALUES ('460200', 17, 1428);
INSERT INTO public.party_votes (municipality_code, party_id, votes) VALUES ('460300', 15, 1381);
INSERT INTO public.party_votes (municipality_code, party_id, votes) VALUES ('460300', 17, 811);
INSERT INTO public.party_votes (municipality_code, party_id, votes) VALUES ('470100', 2, 168);
INSERT INTO public.party_votes (municipality_code, party_id, votes) VALUES ('470100', 17, 3493);
INSERT INTO public.party_votes (municipality_code, party_id, votes) VALUES ('470100', 21, 419);
INSERT INTO public.party_votes (municipality_code, party_id, votes) VALUES ('480100', 17, 485);
INSERT INTO public.party_votes (municipality_code, party_id, votes) VALUES ('480200', 17, 800);
INSERT INTO public.party_votes (municipality_code, party_id, votes) VALUES ('490100', 17, 166);
INSERT INTO public.party_votes (municipality_code, party_id, votes) VALUES ('490100', 21, 9);


ALTER TABLE ONLY public.district
    ADD CONSTRAINT idx_499978_sqlite_autoindex_district_1 PRIMARY KEY (id);

ALTER TABLE ONLY public.party
    ADD CONSTRAINT idx_499983_party_pkey PRIMARY KEY (id);

ALTER TABLE ONLY public.municipality
    ADD CONSTRAINT idx_499988_sqlite_autoindex_municipality_1 PRIMARY KEY (code);

ALTER TABLE ONLY public.independent
    ADD CONSTRAINT idx_499993_sqlite_autoindex_independent_1 PRIMARY KEY (municipality_code, shortname);

ALTER TABLE ONLY public.coalition
    ADD CONSTRAINT idx_499999_sqlite_autoindex_coalition_1 PRIMARY KEY (municipality_code, shortname);

ALTER TABLE ONLY public.coalition_member
    ADD CONSTRAINT idx_500005_sqlite_autoindex_coalition_member_1 PRIMARY KEY (municipality_code, coalition_shortname, order_number);

ALTER TABLE ONLY public.party_votes
    ADD CONSTRAINT idx_500010_sqlite_autoindex_party_votes_1 PRIMARY KEY (municipality_code, party_id);

CREATE UNIQUE INDEX idx_499978_sqlite_autoindex_district_2 ON public.district USING btree (name);
CREATE UNIQUE INDEX idx_499983_sqlite_autoindex_party_1 ON public.party USING btree (shortname);
CREATE UNIQUE INDEX idx_500005_sqlite_autoindex_coalition_member_2 ON public.coalition_member USING btree (municipality_code, coalition_shortname, party_id);

ALTER TABLE ONLY public.coalition_member
    ADD CONSTRAINT coalition_member_municipality_code_coalition_shortname_fkey FOREIGN KEY (municipality_code, coalition_shortname) REFERENCES public.coalition(municipality_code, shortname) ON UPDATE CASCADE ON DELETE CASCADE;

ALTER TABLE ONLY public.coalition_member
    ADD CONSTRAINT coalition_member_party_id_fkey FOREIGN KEY (party_id) REFERENCES public.party(id) ON UPDATE CASCADE ON DELETE RESTRICT;

ALTER TABLE ONLY public.coalition
    ADD CONSTRAINT coalition_municipality_code_fkey FOREIGN KEY (municipality_code) REFERENCES public.municipality(code) ON UPDATE CASCADE ON DELETE RESTRICT;

ALTER TABLE ONLY public.independent
    ADD CONSTRAINT independent_municipality_code_fkey FOREIGN KEY (municipality_code) REFERENCES public.municipality(code) ON UPDATE CASCADE ON DELETE RESTRICT;

ALTER TABLE ONLY public.municipality
    ADD CONSTRAINT municipality_district_fkey FOREIGN KEY (district) REFERENCES public.district(id) ON UPDATE CASCADE ON DELETE RESTRICT;

ALTER TABLE ONLY public.party_votes
    ADD CONSTRAINT party_votes_municipality_code_fkey FOREIGN KEY (municipality_code) REFERENCES public.municipality(code) ON UPDATE CASCADE ON DELETE RESTRICT;

ALTER TABLE ONLY public.party_votes
    ADD CONSTRAINT party_votes_party_id_fkey FOREIGN KEY (party_id) REFERENCES public.party(id) ON UPDATE CASCADE ON DELETE RESTRICT;